ATOM,263,N,TYR,A,36,19.136,98.098,36.067,1,14.77,N
ATOM,264,CA,TYR,A,36,19.692,98.627,37.301,1,14.15,C
ATOM,265,C,TYR,A,36,21.131,98.13,37.498,1,13.59,C
ATOM,266,O,TYR,A,36,21.461,96.948,37.318,1,13.12,O
ATOM,267,CB,TYR,A,36,18.813,98.235,38.507,1,13.79,C
ATOM,268,CG,TYR,A,36,19.426,98.578,39.821,1,11.98,C
ATOM,269,CD1,TYR,A,36,19.988,97.605,40.609,1,11.89,C
ATOM,270,CD2,TYR,A,36,19.446,99.884,40.274,1,13.31,C
ATOM,271,CE1,TYR,A,36,20.555,97.878,41.812,1,11.42,C
ATOM,272,CE2,TYR,A,36,20.047,100.165,41.503,1,13.59,C
ATOM,273,CZ,TYR,A,36,20.604,99.148,42.259,1,12.49,C
ATOM,274,OH,TYR,A,36,21.177,99.473,43.495,1,14,O
ATOM,291,N,TYR,A,39,22.994,96.552,34.471,1,14.17,N
ATOM,292,CA,TYR,A,39,22.33,95.339,34.104,1,14.89,C
ATOM,293,C,TYR,A,39,22.682,94.204,35.053,1,13.44,C
ATOM,294,O,TYR,A,39,22.43,93.042,34.714,1,15.22,O
ATOM,295,CB,TYR,A,39,22.599,94.967,32.645,1,16.91,C
ATOM,296,CG,TYR,A,39,21.855,95.863,31.7,1,20.04,C
ATOM,297,CD1,TYR,A,39,22.378,97.054,31.313,1,26.28,C
ATOM,298,CD2,TYR,A,39,20.62,95.499,31.21,1,22.29,C
ATOM,299,CE1,TYR,A,39,21.679,97.876,30.442,1,32.63,C
ATOM,300,CE2,TYR,A,39,19.906,96.293,30.339,1,30.64,C
ATOM,301,CZ,TYR,A,39,20.454,97.486,29.966,1,33.63,C
ATOM,302,OH,TYR,A,39,19.78,98.312,29.1,1,48.8,O
ATOM,315,N,TYR,A,42,18.249,94.157,40.281,1,10.53,N
ATOM,316,CA,TYR,A,42,18.049,94.418,41.705,1,9.62,C
ATOM,317,C,TYR,A,42,18.216,93.192,42.598,1,8.9,C
ATOM,318,O,TYR,A,42,18.083,93.329,43.819,1,9.19,O
ATOM,319,CB,TYR,A,42,16.655,95.019,41.909,1,10.6,C
ATOM,320,CG,TYR,A,42,16.499,96.465,41.595,1,10.33,C
ATOM,321,CD1,TYR,A,42,16.042,96.914,40.351,1,11.85,C
ATOM,322,CD2,TYR,A,42,16.775,97.43,42.537,1,11.3,C
ATOM,323,CE1,TYR,A,42,15.887,98.248,40.076,1,13.45,C
ATOM,324,CE2,TYR,A,42,16.617,98.758,42.263,1,13.27,C
ATOM,325,CZ,TYR,A,42,16.174,99.178,41.022,1,13.71,C
ATOM,326,OH,TYR,A,42,16.013,100.527,40.747,1,18.07,O
ATOM,439,N,TRP,A,57,20.358,92.091,64.655,1,9.41,N
ATOM,440,CA,TRP,A,57,19.92,91.348,65.811,1,9.85,C
ATOM,441,C,TRP,A,57,21.027,91.148,66.82,1,9.18,C
ATOM,442,O,TRP,A,57,22.191,90.935,66.463,1,10.41,O
ATOM,443,CB,TRP,A,57,19.432,89.975,65.377,1,9.66,C
ATOM,444,CG,TRP,A,57,18.795,89.167,66.426,1,9.91,C
ATOM,445,CD1,TRP,A,57,17.727,89.463,67.165,1,10.92,C
ATOM,446,CD2,TRP,A,57,19.226,87.876,66.847,1,9.4,C
ATOM,447,NE1,TRP,A,57,17.431,88.455,68.048,1,10.93,N
ATOM,448,CE2,TRP,A,57,18.341,87.447,67.853,1,9.92,C
ATOM,449,CE3,TRP,A,57,20.241,87.009,66.482,1,9.82,C
ATOM,450,CZ2,TRP,A,57,18.434,86.234,68.483,1,11.03,C
ATOM,451,CZ3,TRP,A,57,20.366,85.791,67.086,1,9.99,C
ATOM,452,CH2,TRP,A,57,19.479,85.408,68.081,1,11.04,C
ATOM,517,N,TYR,A,67,12.191,91.243,62.696,1,9.81,N
ATOM,518,CA,TYR,A,67,10.772,91.256,63.059,1,9.49,C
ATOM,519,C,TYR,A,67,10.097,92.597,62.86,1,10.01,C
ATOM,520,O,TYR,A,67,8.999,92.666,62.297,1,10.71,O
ATOM,521,CB,TYR,A,67,10.634,90.859,64.518,1,11.15,C
ATOM,522,CG,TYR,A,67,9.22,90.709,65.045,1,10.4,C
ATOM,523,CD1,TYR,A,67,8.502,89.546,64.861,1,10.8,C
ATOM,524,CD2,TYR,A,67,8.635,91.744,65.746,1,11.76,C
ATOM,525,CE1,TYR,A,67,7.204,89.394,65.354,1,11.72,C
ATOM,526,CE2,TYR,A,67,7.356,91.605,66.284,1,14.01,C
ATOM,527,CZ,TYR,A,67,6.661,90.456,66.071,1,12.86,C
ATOM,528,OH,TYR,A,67,5.407,90.298,66.604,1,15.63,O
ATOM,544,N,TYR,A,71,13.947,99.314,59.357,1,11.82,N
ATOM,545,CA,TYR,A,71,14.677,99.999,58.322,1,11.98,C
ATOM,546,C,TYR,A,71,13.849,101.134,57.778,1,13.08,C
ATOM,547,O,TYR,A,71,14.432,102.069,57.222,1,13.68,O
ATOM,548,CB,TYR,A,71,15.13,99.025,57.245,1,12.68,C
ATOM,549,CG,TYR,A,71,15.79,99.672,56.081,1,11.86,C
ATOM,550,CD1,TYR,A,71,15.065,100.113,54.97,1,14.64,C
ATOM,551,CD2,TYR,A,71,17.161,99.885,56.008,1,12.04,C
ATOM,552,CE1,TYR,A,71,15.653,100.708,53.9,1,16.03,C
ATOM,553,CE2,TYR,A,71,17.759,100.52,54.922,1,12.44,C
ATOM,554,CZ,TYR,A,71,16.999,100.914,53.866,1,13.38,C
ATOM,555,OH,TYR,A,71,17.469,101.561,52.751,1,14.74,O
ATOM,988,N,TRP,A,126,10.462,80.075,53.978,1,7.55,N
ATOM,989,CA,TRP,A,126,10.204,81.406,54.544,1,7.38,C
ATOM,990,C,TRP,A,126,8.922,81.358,55.346,1,7.72,C
ATOM,991,O,TRP,A,126,7.926,80.75,54.934,1,9.24,O
ATOM,992,CB,TRP,A,126,10.117,82.444,53.414,1,8.43,C
ATOM,993,CG,TRP,A,126,9.824,83.814,53.842,1,8.03,C
ATOM,994,CD1,TRP,A,126,10.696,84.761,54.234,1,8.64,C
ATOM,995,CD2,TRP,A,126,8.52,84.413,53.95,1,7.69,C
ATOM,996,NE1,TRP,A,126,10.059,85.933,54.591,1,8.48,N
ATOM,997,CE2,TRP,A,126,8.706,85.731,54.408,1,8.13,C
ATOM,998,CE3,TRP,A,126,7.225,83.961,53.686,1,8.77,C
ATOM,999,CZ2,TRP,A,126,7.626,86.618,54.621,1,8.62,C
ATOM,1000,CZ3,TRP,A,126,6.174,84.826,53.904,1,9.29,C
ATOM,1001,CH2,TRP,A,126,6.386,86.139,54.362,1,8.84,C
ATOM,1013,N,CYS,A,128,5.996,83.675,57.491,1,9.29,N
ATOM,1014,CA,CYS,A,128,5.381,84.96,57.661,1,9.58,C
ATOM,1015,C,CYS,A,128,5.165,85.274,59.154,1,9.34,C
ATOM,1016,O,CYS,A,128,5.334,84.442,60.019,1,10.52,O
ATOM,1017,CB,CYS,A,128,4.052,85.002,56.925,1,11.3,C
ATOM,1018,SG,CYS,A,128,2.715,84.072,57.665,1,14.53,S
ATOM,1704,N,TRP,A,211,45.468,86.834,43.893,1,13.53,N
ATOM,1705,CA,TRP,A,211,45.024,88.038,44.596,1,12.92,C
ATOM,1706,C,TRP,A,211,46.197,88.888,44.992,1,13.07,C
ATOM,1707,O,TRP,A,211,47.212,88.386,45.508,1,15.46,O
ATOM,1708,CB,TRP,A,211,44.254,87.649,45.869,1,12.13,C
ATOM,1709,CG,TRP,A,211,43.004,86.841,45.568,1,11.28,C
ATOM,1710,CD1,TRP,A,211,42.798,85.536,45.762,1,12.36,C
ATOM,1711,CD2,TRP,A,211,41.788,87.38,45.032,1,10.3,C
ATOM,1712,NE1,TRP,A,211,41.534,85.186,45.37,1,12.1,N
ATOM,1713,CE2,TRP,A,211,40.905,86.297,44.913,1,10.7,C
ATOM,1714,CE3,TRP,A,211,41.387,88.618,44.629,1,11.05,C
ATOM,1715,CZ2,TRP,A,211,39.633,86.452,44.399,1,10.61,C
ATOM,1716,CZ3,TRP,A,211,40.136,88.766,44.13,1,11.08,C
ATOM,1717,CH2,TRP,A,211,39.286,87.685,44.035,1,10.67,C
ATOM,1808,N,TRP,A,223,41.595,93.152,48.132,1,9.77,N
ATOM,1809,CA,TRP,A,223,42.334,92.163,47.355,1,9.86,C
ATOM,1810,C,TRP,A,223,41.783,92.145,45.946,1,10.51,C
ATOM,1811,O,TRP,A,223,40.563,92.022,45.774,1,11.79,O
ATOM,1812,CB,TRP,A,223,42.203,90.803,48.027,1,10.85,C
ATOM,1813,CG,TRP,A,223,42.838,90.731,49.352,1,10.52,C
ATOM,1814,CD1,TRP,A,223,42.291,91.01,50.572,1,11.15,C
ATOM,1815,CD2,TRP,A,223,44.207,90.344,49.614,1,10.4,C
ATOM,1816,NE1,TRP,A,223,43.241,90.821,51.578,1,11.32,N
ATOM,1817,CE2,TRP,A,223,44.413,90.413,50.988,1,10.58,C
ATOM,1818,CE3,TRP,A,223,45.274,89.946,48.818,1,12.01,C
ATOM,1819,CZ2,TRP,A,223,45.623,90.102,51.581,1,11.96,C
ATOM,1820,CZ3,TRP,A,223,46.495,89.64,49.396,1,12.91,C
ATOM,1821,CH2,TRP,A,223,46.647,89.722,50.783,1,13.71,C
ATOM,1855,N,TYR,A,229,38.225,91.014,39.551,1,12.39,N
ATOM,1856,CA,TYR,A,229,37.454,90.708,40.74,1,11.23,C
ATOM,1857,C,TYR,A,229,38.15,91.297,41.959,1,10.46,C
ATOM,1858,O,TYR,A,229,39.342,91.617,41.925,1,11.93,O
ATOM,1859,CB,TYR,A,229,37.269,89.207,40.937,1,12.51,C
ATOM,1860,CG,TYR,A,229,36.837,88.424,39.745,1,11.92,C
ATOM,1861,CD1,TYR,A,229,37.248,87.11,39.554,1,15.19,C
ATOM,1862,CD2,TYR,A,229,36.02,88.959,38.782,1,13.62,C
ATOM,1863,CE1,TYR,A,229,36.876,86.317,38.466,1,15.22,C
ATOM,1864,CE2,TYR,A,229,35.681,88.205,37.699,1,14.81,C
ATOM,1865,CZ,TYR,A,229,36.076,86.924,37.538,1,15.53,C
ATOM,1866,OH,TYR,A,229,35.699,86.254,36.392,1,18.35,O
ATOM,1867,N,MET,A,230,37.397,91.377,43.055,1,10.71,N
ATOM,1868,CA,MET,A,230,37.917,91.857,44.349,1,10.22,C
ATOM,1869,C,MET,A,230,37.384,90.961,45.458,1,9.53,C
ATOM,1870,O,MET,A,230,36.372,90.258,45.278,1,11,O
ATOM,1871,CB,MET,A,230,37.652,93.338,44.566,1,11.52,C
ATOM,1872,CG,MET,A,230,36.228,93.782,44.689,1,14.01,C
ATOM,1873,SD,MET,A,230,35.502,93.571,46.31,1,21.66,S
ATOM,1874,CE,MET,A,230,36.221,94.669,47.35,1,22.27,C
