HETATM,3037,PG,GTP,C,1,9.706,-38.773,32.505,1,82.57,P
HETATM,3038,O1G,GTP,C,1,10.029,-38.31,31.095,1,81.13,O
HETATM,3039,O2G,GTP,C,1,9.56,-40.284,32.535,1,82.86,O
HETATM,3040,O3G,GTP,C,1,8.392,-38.15,32.939,1,89.6,O
HETATM,3041,O3B,GTP,C,1,10.792,-38.364,33.445,1,84.37,O
HETATM,3042,PB,GTP,C,1,11.761,-39.217,34.187,1,87.38,P
HETATM,3043,O1B,GTP,C,1,10.951,-40.251,34.879,1,80.99,O
HETATM,3044,O2B,GTP,C,1,12.582,-38.292,35.02,1,70.96,O
HETATM,3045,O3A,GTP,C,1,12.681,-39.897,33.21,1,84.69,O
HETATM,3046,PA,GTP,C,1,12.976,-41.328,33.575,1,82.79,P
HETATM,3047,O1A,GTP,C,1,14.016,-41.769,32.616,1,86.27,O
HETATM,3048,O2A,GTP,C,1,11.707,-42.101,33.624,1,76.99,O
HETATM,3049,O5',GTP,C,1,13.619,-41.381,34.96,1,75.49,O
HETATM,3050,C5',GTP,C,1,14.835,-40.69,35.263,1,55.24,C
HETATM,3051,C4',GTP,C,1,15.249,-40.902,36.698,1,59.04,C
HETATM,3052,O4',GTP,C,1,14.167,-40.488,37.575,1,54.08,O
HETATM,3053,C3',GTP,C,1,15.514,-42.346,37.088,1,56.26,C
HETATM,3054,O3',GTP,C,1,16.856,-42.698,36.763,1,58.9,O
HETATM,3055,C2',GTP,C,1,15.286,-42.315,38.596,1,51.7,C
HETATM,3056,O2',GTP,C,1,16.385,-41.792,39.31,1,50.98,O
HETATM,3057,C1',GTP,C,1,14.118,-41.334,38.711,1,51.19,C
HETATM,3058,N9,GTP,C,1,12.802,-41.966,38.752,1,47.64,N
HETATM,3059,C8,GTP,C,1,11.848,-41.942,37.762,1,43.16,C
HETATM,3060,N7,GTP,C,1,10.755,-42.571,38.091,1,41.7,N
HETATM,3061,C5,GTP,C,1,10.999,-43.035,39.374,1,43.29,C
HETATM,3062,C6,GTP,C,1,10.169,-43.765,40.256,1,42.87,C
HETATM,3063,O6,GTP,C,1,9.01,-44.141,40.088,1,51.04,O
HETATM,3064,N1,GTP,C,1,10.813,-44.042,41.45,1,45.46,N
HETATM,3065,C2,GTP,C,1,12.087,-43.659,41.765,1,41.46,C
HETATM,3066,N2,GTP,C,1,12.523,-44.028,42.975,1,39.99,N
HETATM,3067,N3,GTP,C,1,12.872,-42.966,40.957,1,44.62,N
HETATM,3068,C4,GTP,C,1,12.266,-42.688,39.787,1,40.76,C
ATOM,3069,P,G,C,2,17.233,-44.232,36.465,1,50.15,P
ATOM,3070,OP1,G,C,2,18.683,-44.276,36.131,1,66.73,O
ATOM,3071,OP2,G,C,2,16.245,-44.744,35.499,1,42.63,O
ATOM,3072,O5',G,C,2,17.07,-44.961,37.873,1,50.9,O
ATOM,3073,C5',G,C,2,17.996,-44.687,38.909,1,45.75,C
ATOM,3074,C4',G,C,2,17.614,-45.392,40.189,1,52.9,C
ATOM,3075,O4',G,C,2,16.328,-44.902,40.651,1,56.3,O
ATOM,3076,C3',G,C,2,17.43,-46.895,40.103,1,55.01,C
ATOM,3077,O3',G,C,2,18.675,-47.567,40.219,1,56.61,O
ATOM,3078,C2',G,C,2,16.529,-47.175,41.3,1,51.22,C
ATOM,3079,O2',G,C,2,17.228,-47.167,42.528,1,43.17,O
ATOM,3080,C1',G,C,2,15.61,-45.957,41.273,1,49.9,C
ATOM,3081,N9,G,C,2,14.366,-46.17,40.539,1,49.55,N
ATOM,3082,C8,G,C,2,14.087,-45.777,39.249,1,46.93,C
ATOM,3083,N7,G,C,2,12.868,-46.055,38.884,1,44.89,N
ATOM,3084,C5,G,C,2,12.31,-46.677,39.995,1,50.45,C
ATOM,3085,C6,G,C,2,11.001,-47.193,40.202,1,45.48,C
ATOM,3086,O6,G,C,2,10.041,-47.201,39.421,1,43.03,O
ATOM,3087,N1,G,C,2,10.864,-47.741,41.469,1,46.08,N
ATOM,3088,C2,G,C,2,11.853,-47.795,42.416,1,50.06,C
ATOM,3089,N2,G,C,2,11.523,-48.379,43.578,1,49.04,N
ATOM,3090,N3,G,C,2,13.074,-47.317,42.239,1,46.75,N
ATOM,3091,C4,G,C,2,13.229,-46.772,41.015,1,42.57,C
ATOM,3112,P,G,C,4,17.701,-54.597,41.177,1,60.86,P
ATOM,3113,OP1,G,C,4,18.58,-55.604,41.822,1,67.4,O
ATOM,3114,OP2,G,C,4,18.015,-54.096,39.81,1,53.27,O
ATOM,3115,O5',G,C,4,16.219,-55.183,41.192,1,53.24,O
ATOM,3116,C5',G,C,4,15.764,-55.859,42.356,1,56.08,C
ATOM,3117,C4',G,C,4,14.283,-56.156,42.297,1,49.71,C
ATOM,3118,O4',G,C,4,13.555,-54.922,42.042,1,52.61,O
ATOM,3119,C3',G,C,4,13.841,-57.04,41.144,1,51.01,C
ATOM,3120,O3',G,C,4,14.073,-58.424,41.363,1,54.83,O
ATOM,3121,C2',G,C,4,12.363,-56.71,41.049,1,49.13,C
ATOM,3122,O2',G,C,4,11.654,-57.299,42.113,1,48.66,O
ATOM,3123,C1',G,C,4,12.379,-55.21,41.304,1,48.77,C
ATOM,3124,N9,G,C,4,12.333,-54.429,40.072,1,43.14,N
ATOM,3125,C8,G,C,4,13.348,-53.748,39.442,1,47.94,C
ATOM,3126,N7,G,C,4,12.958,-53.153,38.342,1,41.65,N
ATOM,3127,C5,G,C,4,11.608,-53.463,38.244,1,39.03,C
ATOM,3128,C6,G,C,4,10.639,-53.104,37.261,1,42.71,C
ATOM,3129,O6,G,C,4,10.785,-52.408,36.237,1,42.48,O
ATOM,3130,N1,G,C,4,9.391,-53.639,37.559,1,40.66,N
ATOM,3131,C2,G,C,4,9.103,-54.413,38.651,1,44.53,C
ATOM,3132,N2,G,C,4,7.841,-54.83,38.761,1,48.9,N
ATOM,3133,N3,G,C,4,9.987,-54.754,39.57,1,43.58,N
ATOM,3134,C4,G,C,4,11.21,-54.249,39.305,1,42.42,C
ATOM,3135,P,G,C,5,14.31,-59.391,40.101,1,54.71,P
ATOM,3136,OP1,G,C,5,14.778,-60.692,40.619,1,57.35,O
ATOM,3137,OP2,G,C,5,15.128,-58.664,39.103,1,59.07,O
ATOM,3138,O5',G,C,5,12.846,-59.606,39.513,1,46.53,O
ATOM,3139,C5',G,C,5,11.898,-60.295,40.295,1,40.75,C
ATOM,3140,C4',G,C,5,10.572,-60.391,39.592,1,48.83,C
ATOM,3141,O4',G,C,5,10.022,-59.055,39.426,1,49.5,O
ATOM,3142,C3',G,C,5,10.6,-60.938,38.171,1,43.52,C
ATOM,3143,O3',G,C,5,10.643,-62.354,38.118,1,46.91,O
ATOM,3144,C2',G,C,5,9.294,-60.396,37.616,1,48.41,C
ATOM,3145,O2',G,C,5,8.18,-61.105,38.137,1,42.02,O
ATOM,3146,C1',G,C,5,9.272,-58.999,38.228,1,46.76,C
ATOM,3147,N9,G,C,5,9.827,-57.985,37.339,1,39.25,N
ATOM,3148,C8,G,C,5,11.06,-57.383,37.388,1,42.13,C
ATOM,3149,N7,G,C,5,11.22,-56.475,36.462,1,40.29,N
ATOM,3150,C5,G,C,5,10.023,-56.488,35.761,1,41.16,C
ATOM,3151,C6,G,C,5,9.587,-55.717,34.653,1,44.38,C
ATOM,3152,O6,G,C,5,10.184,-54.821,34.051,1,51.03,O
ATOM,3153,N1,G,C,5,8.305,-56.079,34.255,1,45.75,N
ATOM,3154,C2,G,C,5,7.54,-57.05,34.847,1,35.06,C
ATOM,3155,N2,G,C,5,6.317,-57.261,34.334,1,33.21,N
ATOM,3156,N3,G,C,5,7.934,-57.763,35.87,1,34.85,N
ATOM,3157,C4,G,C,5,9.169,-57.432,36.277,1,36.87,C
ATOM,3179,O5',DG,D,1,8.614,-50.407,25.391,1,61.81,O
ATOM,3180,C5',DG,D,1,7.683,-50.592,24.317,1,54.27,C
ATOM,3181,C4',DG,D,1,6.748,-51.714,24.694,1,52.6,C
ATOM,3182,O4',DG,D,1,7.521,-52.927,24.81,1,57.25,O
ATOM,3183,C3',DG,D,1,6.092,-51.533,26.052,1,52.03,C
ATOM,3184,O3',DG,D,1,4.763,-51.082,25.896,1,55.44,O
ATOM,3185,C2',DG,D,1,5.919,-52.959,26.543,1,51.75,C
ATOM,3186,C1',DG,D,1,7.051,-53.72,25.891,1,48.78,C
ATOM,3187,N9,DG,D,1,8.169,-53.891,26.809,1,51.85,N
ATOM,3188,C8,DG,D,1,9.321,-53.148,26.848,1,48.19,C
ATOM,3189,N7,DG,D,1,10.155,-53.547,27.769,1,52.87,N
ATOM,3190,C5,DG,D,1,9.508,-54.613,28.377,1,52.22,C
ATOM,3191,C6,DG,D,1,9.925,-55.452,29.431,1,52.7,C
ATOM,3192,O6,DG,D,1,10.99,-55.429,30.056,1,54.3,O
ATOM,3193,N1,DG,D,1,8.959,-56.404,29.737,1,51.58,N
ATOM,3194,C2,DG,D,1,7.753,-56.531,29.105,1,55.3,C
ATOM,3195,N2,DG,D,1,6.951,-57.504,29.549,1,57.99,N
ATOM,3196,N3,DG,D,1,7.358,-55.761,28.111,1,51.53,N
ATOM,3197,C4,DG,D,1,8.279,-54.831,27.801,1,49.59,C
ATOM,3198,P,DC,D,2,4.053,-50.359,27.125,1,58.72,P
ATOM,3236,P,DG,D,4,0.79,-52.223,38.259,1,55.39,P
ATOM,3237,OP1,DG,D,4,-0.55,-52.367,38.87,1,59.62,O
ATOM,3238,OP2,DG,D,4,1.244,-50.89,37.801,1,53.34,O
ATOM,3239,O5',DG,D,4,1.874,-52.811,39.273,1,50.64,O
ATOM,3240,C5',DG,D,4,1.737,-54.132,39.783,1,47.57,C
ATOM,3241,C4',DG,D,4,2.637,-54.378,40.978,1,43.33,C
ATOM,3242,O4',DG,D,4,4.033,-54.237,40.6,1,43.44,O
ATOM,3243,C3',DG,D,4,2.437,-53.373,42.112,1,42.67,C
ATOM,3244,O3',DG,D,4,2.746,-53.996,43.359,1,46.06,O
ATOM,3245,C2',DG,D,4,3.442,-52.285,41.784,1,35.45,C
ATOM,3246,C1',DG,D,4,4.602,-53.098,41.239,1,35.07,C
ATOM,3247,N9,DG,D,4,5.455,-52.4,40.286,1,39.11,N
ATOM,3248,C8,DG,D,4,5.069,-51.789,39.118,1,39.55,C
ATOM,3249,N7,DG,D,4,6.056,-51.2,38.495,1,34.69,N
ATOM,3250,C5,DG,D,4,7.161,-51.452,39.292,1,41.56,C
ATOM,3251,C6,DG,D,4,8.522,-51.063,39.128,1,43.32,C
ATOM,3252,O6,DG,D,4,9.034,-50.416,38.209,1,41.83,O
ATOM,3253,N1,DG,D,4,9.311,-51.514,40.179,1,41.66,N
ATOM,3254,C2,DG,D,4,8.857,-52.249,41.241,1,43.64,C
ATOM,3255,N2,DG,D,4,9.779,-52.577,42.156,1,42.95,N
ATOM,3256,N3,DG,D,4,7.59,-52.633,41.397,1,39.08,N
ATOM,3257,C4,DG,D,4,6.808,-52.198,40.399,1,30.82,C
ATOM,3296,P,DA,D,7,9.982,-46.122,51.555,1,49.83,P
ATOM,3297,OP1,DA,D,7,10.798,-46.795,52.579,1,50.6,O
ATOM,3298,OP2,DA,D,7,8.533,-45.917,51.795,1,54.51,O
ATOM,3299,O5',DA,D,7,10.653,-44.721,51.229,1,42.57,O
ATOM,3300,C5',DA,D,7,12.036,-44.679,50.946,1,40.15,C
ATOM,3301,C4',DA,D,7,12.459,-43.338,50.389,1,42.19,C
ATOM,3302,O4',DA,D,7,11.854,-43.099,49.092,1,43.84,O
ATOM,3303,C3',DA,D,7,11.994,-42.162,51.255,1,44.17,C
ATOM,3304,O3',DA,D,7,12.946,-41.103,51.111,1,46.04,O
ATOM,3305,C2',DA,D,7,10.651,-41.792,50.64,1,38.73,C
ATOM,3306,C1',DA,D,7,10.967,-41.997,49.167,1,46.93,C
ATOM,3307,N9,DA,D,7,9.897,-42.166,48.178,1,48.41,N
ATOM,3308,C8,DA,D,7,8.552,-42.405,48.366,1,53,C
ATOM,3309,N7,DA,D,7,7.872,-42.516,47.245,1,51.59,N
ATOM,3310,C5,DA,D,7,8.829,-42.331,46.255,1,52.26,C
ATOM,3311,C6,DA,D,7,8.755,-42.34,44.844,1,48.63,C
ATOM,3312,N6,DA,D,7,7.628,-42.548,44.159,1,40.66,N
ATOM,3313,N1,DA,D,7,9.901,-42.129,44.152,1,52.69,N
ATOM,3314,C2,DA,D,7,11.036,-41.924,44.837,1,45.16,C
ATOM,3315,N3,DA,D,7,11.232,-41.893,46.157,1,47.69,N
ATOM,3316,C4,DA,D,7,10.079,-42.109,46.816,1,48.25,C