ATOM,2422,N,TYR,A,305,65.722,39.687,40.7,1,16.97,N
ATOM,2423,CA,TYR,A,305,65.479,38.34,40.211,1,17.27,C
ATOM,2424,C,TYR,A,305,66.401,37.325,40.893,1,18.63,C
ATOM,2425,O,TYR,A,305,65.942,36.289,41.379,1,17.96,O
ATOM,2426,CB,TYR,A,305,65.628,38.292,38.678,1,18.02,C
ATOM,2427,CG,TYR,A,305,65.601,36.903,38.127,1,18.17,C
ATOM,2428,CD1,TYR,A,305,64.384,36.288,37.82,1,18.42,C
ATOM,2429,CD2,TYR,A,305,66.769,36.159,37.96,1,19.6,C
ATOM,2430,CE1,TYR,A,305,64.327,34.998,37.346,1,18.93,C
ATOM,2431,CE2,TYR,A,305,66.716,34.848,37.463,1,20.2,C
ATOM,2432,CZ,TYR,A,305,65.499,34.281,37.17,1,20.01,C
ATOM,2433,OH,TYR,A,305,65.462,32.986,36.708,1,21.64,O
ATOM,2662,N,TYR,A,334,41.548,10.67,29.723,1,13.81,N
ATOM,2663,CA,TYR,A,334,40.803,9.585,29.077,1,14.33,C
ATOM,2664,C,TYR,A,334,41.777,8.551,28.523,1,14.14,C
ATOM,2665,O,TYR,A,334,42.901,8.873,28.096,1,13.71,O
ATOM,2666,CB,TYR,A,334,39.815,10.118,27.971,1,14.5,C
ATOM,2667,CG,TYR,A,334,40.496,10.66,26.747,1,14.78,C
ATOM,2668,CD1,TYR,A,334,40.744,9.844,25.625,1,14.79,C
ATOM,2669,CD2,TYR,A,334,40.948,11.963,26.678,1,15.18,C
ATOM,2670,CE1,TYR,A,334,41.424,10.312,24.512,1,16.3,C
ATOM,2671,CE2,TYR,A,334,41.631,12.425,25.571,1,15.44,C
ATOM,2672,CZ,TYR,A,334,41.876,11.601,24.489,1,15.67,C
ATOM,2673,OH,TYR,A,334,42.611,12.077,23.421,1,17.33,O
