ATOM,12,N,MET,A,5,36.998,-3.36,40.336,1,23.77,N
ATOM,13,CA,MET,A,5,37.421,-2.072,40.877,1,22.37,C
ATOM,14,C,MET,A,5,36.621,-1.737,42.131,1,20.74,C
ATOM,15,O,MET,A,5,35.4,-1.864,42.128,1,20.89,O
ATOM,16,CB,MET,A,5,37.26,-0.95,39.869,1,23.15,C
ATOM,17,CG,MET,A,5,37.997,0.366,40.332,1,20.23,C
ATOM,18,SD,MET,A,5,37.934,1.555,39.074,1,23.28,S
ATOM,19,CE,MET,A,5,38.989,0.786,37.869,1,24.93,C
ATOM,207,N,MET,A,30,38.382,12.575,49.078,1,13.93,N
ATOM,208,CA,MET,A,30,39.555,12.196,49.848,1,14.46,C
ATOM,209,C,MET,A,30,39.172,11.218,50.947,1,14.99,C
ATOM,210,O,MET,A,30,39.885,10.267,51.206,1,15.36,O
ATOM,211,CB,MET,A,30,40.221,13.439,50.449,1,14.59,C
ATOM,212,CG,MET,A,30,40.907,14.296,49.376,1,13.87,C
ATOM,213,SD,MET,A,30,41.403,15.924,49.989,1,15.04,S
ATOM,214,CE,MET,A,30,42.734,15.465,51.134,1,15.47,C
ATOM,377,N,TYR,A,51,38.661,7.417,40.332,1,13.82,N
ATOM,378,CA,TYR,A,51,39.539,8.33,41.076,1,13.84,C
ATOM,379,C,TYR,A,51,40.794,7.604,41.492,1,13.79,C
ATOM,380,O,TYR,A,51,40.734,6.585,42.192,1,14.53,O
ATOM,381,CB,TYR,A,51,38.804,8.873,42.323,1,14.32,C
ATOM,382,CG,TYR,A,51,37.803,9.928,41.966,1,14.63,C
ATOM,383,CD1,TYR,A,51,38.19,11.247,41.855,1,15.09,C
ATOM,384,CD2,TYR,A,51,36.485,9.611,41.711,1,15.83,C
ATOM,385,CE1,TYR,A,51,37.309,12.231,41.457,1,16.47,C
ATOM,386,CE2,TYR,A,51,35.584,10.6,41.323,1,16.89,C
ATOM,387,CZ,TYR,A,51,36,11.903,41.203,1,16.89,C
ATOM,388,OH,TYR,A,51,35.11,12.89,40.809,1,19.84,O
ATOM,476,N,CYS,A,62,49.84,8.827,33.763,1,12.64,N
ATOM,477,CA,CYS,A,62,50.601,9.926,33.198,1,12.55,C
ATOM,478,C,CYS,A,62,51.408,9.544,31.942,1,12.61,C
ATOM,479,O,CYS,A,62,52.117,10.381,31.402,1,13.25,O
ATOM,480,CB,CYS,A,62,51.511,10.517,34.277,1,13.09,C
ATOM,481,SG,CYS,A,62,50.513,11.488,35.46,1,17.23,S
ATOM,700,N,TRP,A,90,41.361,20.6,23.502,1,14.03,N
ATOM,701,CA,TRP,A,90,41.842,19.245,23.351,1,13.47,C
ATOM,702,C,TRP,A,90,43.221,19.266,22.728,1,13.61,C
ATOM,703,O,TRP,A,90,43.549,20.147,21.935,1,14.05,O
ATOM,704,CB,TRP,A,90,40.919,18.457,22.406,1,14.74,C
ATOM,705,CG,TRP,A,90,39.501,18.381,22.85,1,15.17,C
ATOM,706,CD1,TRP,A,90,38.458,19.147,22.407,1,16.86,C
ATOM,707,CD2,TRP,A,90,38.942,17.46,23.791,1,14.71,C
ATOM,708,NE1,TRP,A,90,37.309,18.758,23.028,1,17.14,N
ATOM,709,CE2,TRP,A,90,37.57,17.724,23.88,1,16.4,C
ATOM,710,CE3,TRP,A,90,39.467,16.416,24.546,1,15.33,C
ATOM,711,CZ2,TRP,A,90,36.736,17.02,24.734,1,16.93,C
ATOM,712,CZ3,TRP,A,90,38.642,15.715,25.379,1,16.31,C
ATOM,713,CH2,TRP,A,90,37.275,15.997,25.435,1,16.93,C
ATOM,756,N,TRP,A,96,45.849,24.42,19.987,1,15.08,N
ATOM,757,CA,TRP,A,96,46.58,23.937,21.174,1,13.81,C
ATOM,758,C,TRP,A,96,48.036,23.792,20.808,1,14.74,C
ATOM,759,O,TRP,A,96,48.919,24.349,21.45,1,14.18,O
ATOM,760,CB,TRP,A,96,46.039,22.603,21.759,1,14.24,C
ATOM,761,CG,TRP,A,96,46.873,22.3,22.974,1,13.9,C
ATOM,762,CD1,TRP,A,96,46.742,22.849,24.196,1,14.55,C
ATOM,763,CD2,TRP,A,96,48.082,21.527,23.018,1,13.47,C
ATOM,764,NE1,TRP,A,96,47.776,22.462,25.001,1,14.37,N
ATOM,765,CE2,TRP,A,96,48.628,21.673,24.3,1,13.64,C
ATOM,766,CE3,TRP,A,96,48.767,20.743,22.085,1,15.34,C
ATOM,767,CZ2,TRP,A,96,49.812,21.067,24.671,1,14.68,C
ATOM,768,CZ3,TRP,A,96,49.953,20.145,22.467,1,15.46,C
ATOM,769,CH2,TRP,A,96,50.464,20.316,23.739,1,15.56,C
ATOM,892,N,MET,A,112,61.269,34.589,33.09,1,15.77,N
ATOM,893,CA,MET,A,112,60.856,35.273,34.309,1,15.73,C
ATOM,894,C,MET,A,112,61.678,36.534,34.58,1,16.52,C
ATOM,895,O,MET,A,112,61.19,37.462,35.22,1,16.51,O
ATOM,896,CB,MET,A,112,60.881,34.33,35.511,1,16.01,C
ATOM,897,CG,MET,A,112,59.898,33.145,35.385,1,16.48,C
ATOM,898,SD,MET,A,112,58.204,33.673,35.055,1,17.56,S
ATOM,899,CE,MET,A,112,57.905,32.986,33.43,1,16.76,C
ATOM,913,N,TYR,A,115,59.663,39.439,33.33,1,16.23,N
ATOM,914,CA,TYR,A,115,58.412,39.767,34.044,1,15.62,C
ATOM,915,C,TYR,A,115,58.673,40.314,35.444,1,14.67,C
ATOM,916,O,TYR,A,115,57.771,40.863,36.038,1,14.99,O
ATOM,917,CB,TYR,A,115,57.488,38.532,34.141,1,15.43,C
ATOM,918,CG,TYR,A,115,57.165,37.901,32.812,1,16.12,C
ATOM,919,CD1,TYR,A,115,56.624,38.645,31.8,1,18.54,C
ATOM,920,CD2,TYR,A,115,57.402,36.558,32.586,1,15.92,C
ATOM,921,CE1,TYR,A,115,56.35,38.082,30.559,1,19.36,C
ATOM,922,CE2,TYR,A,115,57.11,35.972,31.357,1,17.03,C
ATOM,923,CZ,TYR,A,115,56.616,36.744,30.341,1,17.23,C
ATOM,924,OH,TYR,A,115,56.37,36.2,29.096,1,19.78,O
ATOM,940,N,MET,A,118,57.646,43.983,36.672,1,16.34,N
ATOM,941,CA,MET,A,118,56.222,44.199,36.808,1,16.14,C
ATOM,942,C,MET,A,118,55.587,43.386,37.948,1,15.79,C
ATOM,943,O,MET,A,118,54.66,43.875,38.597,1,15.01,O
ATOM,944,CB,MET,A,118,55.464,44.011,35.506,1,18.51,C
ATOM,945,CG,MET,A,118,55.772,45.166,34.531,1,21.41,C
ATOM,946,SD,MET,A,118,55.5,46.906,35.102,1,28.34,S
ATOM,947,CE,MET,A,118,57.112,47.436,35.691,1,28.51,C
ATOM,948,N,MET,A,119,56.122,42.201,38.234,1,14.09,N
ATOM,949,CA,MET,A,119,55.673,41.489,39.438,1,14.22,C
ATOM,950,C,MET,A,119,56.005,42.304,40.689,1,13.81,C
ATOM,951,O,MET,A,119,55.199,42.41,41.609,1,13.28,O
ATOM,952,CB,MET,A,119,56.335,40.119,39.539,0.5,13.46,C
ATOM,954,CG,MET,A,119,55.981,39.178,38.415,0.5,11.94,C
ATOM,956,SD,MET,A,119,56.232,37.484,38.99,0.5,11.65,S
ATOM,958,CE,MET,A,119,56.192,36.535,37.463,0.5,11.9,C
ATOM,1046,N,TRP,A,130,49.163,47.315,53.016,1,13.76,N
ATOM,1047,CA,TRP,A,130,49.229,46.812,54.384,1,13.53,C
ATOM,1048,C,TRP,A,130,49.971,47.749,55.331,1,13.83,C
ATOM,1049,O,TRP,A,130,49.589,47.868,56.503,1,14.44,O
ATOM,1050,CB,TRP,A,130,49.827,45.395,54.38,1,13.51,C
ATOM,1051,CG,TRP,A,130,48.969,44.357,53.702,1,13.51,C
ATOM,1052,CD1,TRP,A,130,47.741,44.506,53.193,1,13.82,C
ATOM,1053,CD2,TRP,A,130,49.318,43,53.518,1,13.67,C
ATOM,1054,NE1,TRP,A,130,47.294,43.315,52.654,1,14.02,N
ATOM,1055,CE2,TRP,A,130,48.255,42.372,52.868,1,13.64,C
ATOM,1056,CE3,TRP,A,130,50.418,42.249,53.876,1,13.61,C
ATOM,1057,CZ2,TRP,A,130,48.267,41.013,52.557,1,14.15,C
ATOM,1058,CZ3,TRP,A,130,50.43,40.894,53.553,1,14.55,C
ATOM,1059,CH2,TRP,A,130,49.367,40.296,52.92,1,14.42,C
ATOM,1173,N,MET,A,145,45.284,38.562,48.049,1,12.55,N
ATOM,1174,CA,MET,A,145,46.162,37.791,47.178,1,12.29,C
ATOM,1175,C,MET,A,145,45.582,37.712,45.759,1,12.33,C
ATOM,1176,O,MET,A,145,46.327,37.703,44.788,1,12.44,O
ATOM,1177,CB,MET,A,145,46.485,36.403,47.767,0.5,12.21,C
ATOM,1179,CG,MET,A,145,47.277,36.394,49.094,0.5,12.57,C
ATOM,1181,SD,MET,A,145,48.874,37.232,49.089,0.5,13.57,S
ATOM,1183,CE,MET,A,145,48.426,38.842,49.719,0.5,11.98,C
ATOM,1261,N,CYS,A,156,51.724,41.717,33.384,1,18.22,N
ATOM,1262,CA,CYS,A,156,52.648,40.86,32.617,1,19.51,C
ATOM,1263,C,CYS,A,156,51.983,40.239,31.388,1,18.75,C
ATOM,1264,O,CYS,A,156,52.678,39.892,30.412,1,20.56,O
ATOM,1265,CB,CYS,A,156,53.183,39.726,33.515,1,19.64,C
ATOM,1266,SG,CYS,A,156,54.109,40.333,35.009,1,21.32,S
ATOM,1290,N,TYR,A,160,48.311,45.784,30.985,1,16.86,N
ATOM,1291,CA,TYR,A,160,47.076,46.452,31.352,1,16.56,C
ATOM,1292,C,TYR,A,160,46.97,46.506,32.876,1,16.13,C
ATOM,1293,O,TYR,A,160,47.191,45.501,33.53,1,16.18,O
ATOM,1294,CB,TYR,A,160,45.859,45.715,30.741,1,18.16,C
ATOM,1295,CG,TYR,A,160,44.586,46.502,30.858,1,18.2,C
ATOM,1296,CD1,TYR,A,160,44.303,47.517,29.957,1,19.35,C
ATOM,1297,CD2,TYR,A,160,43.679,46.267,31.881,1,20.36,C
ATOM,1298,CE1,TYR,A,160,43.147,48.275,30.076,1,19.49,C
ATOM,1299,CE2,TYR,A,160,42.524,47.015,32.012,1,21.12,C
ATOM,1300,CZ,TYR,A,160,42.252,48.024,31.083,1,20.3,C
ATOM,1301,OH,TYR,A,160,41.114,48.778,31.23,1,23.28,O
ATOM,1349,N,TYR,A,166,43.037,50.166,44.016,1,17.84,N
ATOM,1350,CA,TYR,A,166,42.398,51.474,44.017,1,18.87,C
ATOM,1351,C,TYR,A,166,40.877,51.374,44.179,1,20.34,C
ATOM,1352,O,TYR,A,166,40.178,52.381,44.15,1,23.23,O
ATOM,1353,CB,TYR,A,166,42.788,52.236,42.737,1,17.94,C
ATOM,1354,CG,TYR,A,166,44.247,52.65,42.688,1,16.84,C
ATOM,1355,CD1,TYR,A,166,44.645,53.896,43.203,1,15.88,C
ATOM,1356,CD2,TYR,A,166,45.256,51.802,42.246,1,16.34,C
ATOM,1357,CE1,TYR,A,166,45.939,54.267,43.225,1,16.16,C
ATOM,1358,CE2,TYR,A,166,46.564,52.192,42.251,1,15.67,C
ATOM,1359,CZ,TYR,A,166,46.913,53.439,42.747,1,14.48,C
ATOM,1360,OH,TYR,A,166,48.219,53.782,42.773,1,15.52,O
ATOM,1445,N,MET,A,177,34.6,38.517,34.487,1,17.06,N
ATOM,1446,CA,MET,A,177,35.31,37.241,34.454,1,17.11,C
ATOM,1447,C,MET,A,177,34.955,36.39,35.659,1,16.29,C
ATOM,1448,O,MET,A,177,34.669,35.186,35.522,1,16.7,O
ATOM,1449,CB,MET,A,177,36.82,37.457,34.387,1,17.25,C
ATOM,1450,CG,MET,A,177,37.584,36.144,34.178,1,18.06,C
ATOM,1451,SD,MET,A,177,39.351,36.233,34.414,1,21.22,S
ATOM,1452,CE,MET,A,177,39.365,36.22,36.201,1,21.02,C
ATOM,1510,N,MET,A,185,30.724,27.322,36.937,1,20.44,N
ATOM,1511,CA,MET,A,185,30.819,26.344,38.004,1,22.09,C
ATOM,1512,C,MET,A,185,29.429,25.99,38.534,1,23.31,C
ATOM,1513,O,MET,A,185,29.148,24.824,38.844,1,24.37,O
ATOM,1514,CB,MET,A,185,31.759,26.837,39.111,1,21.61,C
ATOM,1515,CG,MET,A,185,33.215,27,38.681,1,22.48,C
ATOM,1516,SD,MET,A,185,33.985,25.528,37.93,1,25.09,S
ATOM,1517,CE,MET,A,185,33.807,25.931,36.209,1,28.83,C
ATOM,1580,N,TYR,A,198,16.446,30.572,34.625,1,37.25,N
ATOM,1581,CA,TYR,A,198,17.869,30.763,34.303,1,36.08,C
ATOM,1582,C,TYR,A,198,18.054,31.698,33.118,1,34.75,C
ATOM,1583,O,TYR,A,198,19.165,31.866,32.617,1,34.34,O
ATOM,1584,CB,TYR,A,198,18.528,29.414,34.01,1,35.77,C
ATOM,1585,CG,TYR,A,198,18.488,28.502,35.192,1,35.69,C
ATOM,1586,CD1,TYR,A,198,17.735,27.332,35.173,1,34.75,C
ATOM,1587,CD2,TYR,A,198,19.183,28.814,36.349,1,36.12,C
ATOM,1588,CE1,TYR,A,198,17.689,26.503,36.273,1,35.2,C
ATOM,1589,CE2,TYR,A,198,19.142,27.992,37.45,1,36.61,C
ATOM,1590,CZ,TYR,A,198,18.388,26.84,37.406,1,36.49,C
ATOM,1591,OH,TYR,A,198,18.362,26.029,38.505,1,36.27,O
ATOM,1704,N,MET,A,212,34.366,40.864,28.332,1,21.48,N
ATOM,1705,CA,MET,A,212,35.734,40.309,28.291,1,21.21,C
ATOM,1706,C,MET,A,212,36.333,40.418,26.904,1,20.55,C
ATOM,1707,O,MET,A,212,37.452,40.922,26.717,1,21.26,O
ATOM,1708,CB,MET,A,212,35.76,38.857,28.766,1,20.76,C
ATOM,1709,CG,MET,A,212,35.573,38.721,30.258,1,21.27,C
ATOM,1710,SD,MET,A,212,35.794,37.035,30.841,1,21.84,S
ATOM,1711,CE,MET,A,212,34.214,36.308,30.411,1,23.72,C
ATOM,1891,N,MET,A,237,53.125,37.034,21.688,1,21.45,N
ATOM,1892,CA,MET,A,237,52.123,36.406,20.828,1,21.07,C
ATOM,1893,C,MET,A,237,51.929,37.126,19.499,1,22.41,C
ATOM,1894,O,MET,A,237,51.644,36.49,18.472,1,23.73,O
ATOM,1895,CB,MET,A,237,50.77,36.289,21.517,1,20.32,C
ATOM,1896,CG,MET,A,237,50.783,35.235,22.621,1,18.96,C
ATOM,1897,SD,MET,A,237,49.174,34.88,23.371,1,18.97,S
ATOM,1898,CE,MET,A,237,49.034,36.288,24.469,1,18.59,C
ATOM,2036,N,TYR,A,256,41.656,34.714,23.506,1,15.72,N
ATOM,2037,CA,TYR,A,256,41.373,33.57,24.371,1,15.33,C
ATOM,2038,C,TYR,A,256,42.556,33.186,25.264,1,13.96,C
ATOM,2039,O,TYR,A,256,42.326,32.826,26.41,1,14.87,O
ATOM,2040,CB,TYR,A,256,40.89,32.343,23.588,1,16.11,C
ATOM,2041,CG,TYR,A,256,39.485,32.489,23.069,1,16.46,C
ATOM,2042,CD1,TYR,A,256,38.452,32.822,23.93,1,17.83,C
ATOM,2043,CD2,TYR,A,256,39.173,32.283,21.736,1,17.02,C
ATOM,2044,CE1,TYR,A,256,37.148,32.967,23.481,1,19.56,C
ATOM,2045,CE2,TYR,A,256,37.858,32.424,21.272,1,18.17,C
ATOM,2046,CZ,TYR,A,256,36.852,32.73,22.15,1,18.75,C
ATOM,2047,OH,TYR,A,256,35.539,32.899,21.712,1,21.22,O
ATOM,2211,N,TYR,A,278,48.674,30.695,55.828,1,11.96,N
ATOM,2212,CA,TYR,A,278,47.944,29.899,56.829,1,11.91,C
ATOM,2213,C,TYR,A,278,48.917,28.933,57.534,1,11.79,C
ATOM,2214,O,TYR,A,278,49.014,28.905,58.777,1,12.58,O
ATOM,2215,CB,TYR,A,278,46.783,29.155,56.158,1,12.67,C
ATOM,2216,CG,TYR,A,278,46.212,28.091,57.05,1,12.65,C
ATOM,2217,CD1,TYR,A,278,45.254,28.385,58.003,1,13.24,C
ATOM,2218,CD2,TYR,A,278,46.649,26.777,56.969,1,13.66,C
ATOM,2219,CE1,TYR,A,278,44.793,27.407,58.886,1,14.05,C
ATOM,2220,CE2,TYR,A,278,46.199,25.796,57.85,1,14.05,C
ATOM,2221,CZ,TYR,A,278,45.266,26.126,58.8,1,14.82,C
ATOM,2222,OH,TYR,A,278,44.804,25.163,59.658,1,15.78,O
ATOM,2492,N,TYR,A,313,64.299,28.312,51.179,1,14.43,N
ATOM,2493,CA,TYR,A,313,63.349,27.837,52.173,1,14.22,C
ATOM,2494,C,TYR,A,313,61.939,28.348,51.883,1,14.17,C
ATOM,2495,O,TYR,A,313,60.953,27.634,52.084,1,13.65,O
ATOM,2496,CB,TYR,A,313,63.793,28.239,53.577,1,15.21,C
ATOM,2497,CG,TYR,A,313,63.048,27.481,54.636,1,15.07,C
ATOM,2498,CD1,TYR,A,313,63.371,26.162,54.909,1,16.79,C
ATOM,2499,CD2,TYR,A,313,62.017,28.067,55.346,1,15.33,C
ATOM,2500,CE1,TYR,A,313,62.677,25.44,55.857,1,17.97,C
ATOM,2501,CE2,TYR,A,313,61.344,27.371,56.318,1,16.79,C
ATOM,2502,CZ,TYR,A,313,61.668,26.048,56.567,1,16.01,C
ATOM,2503,OH,TYR,A,313,60.954,25.391,57.538,1,18.72,O
ATOM,2515,N,MET,A,316,60.552,25.993,49.546,1,13.61,N
ATOM,2516,CA,MET,A,316,60.153,24.77,50.237,1,14.43,C
ATOM,2517,C,MET,A,316,58.808,24.915,50.925,1,12.92,C
ATOM,2518,O,MET,A,316,57.994,24.005,50.9,1,12.52,O
ATOM,2519,CB,MET,A,316,61.246,24.347,51.246,1,14.69,C
ATOM,2520,CG,MET,A,316,62.564,23.946,50.582,1,15.4,C
ATOM,2521,SD,MET,A,316,64.038,24.027,51.608,1,18.72,S
ATOM,2522,CE,MET,A,316,63.542,22.95,52.884,1,18.74,C
ATOM,2592,N,TRP,A,325,47.557,21.182,50.031,1,10.57,N
ATOM,2593,CA,TRP,A,325,46.352,21.737,49.404,1,11.16,C
ATOM,2594,C,TRP,A,325,46.681,22.267,48.024,1,11.35,C
ATOM,2595,O,TRP,A,325,46.664,23.469,47.779,1,11.69,O
ATOM,2596,CB,TRP,A,325,45.668,22.754,50.321,1,11.64,C
ATOM,2597,CG,TRP,A,325,45.127,22.095,51.527,1,12.33,C
ATOM,2598,CD1,TRP,A,325,45.532,22.3,52.81,1,12.9,C
ATOM,2599,CD2,TRP,A,325,44.141,21.059,51.585,1,12.98,C
ATOM,2600,NE1,TRP,A,325,44.867,21.461,53.659,1,14.26,N
ATOM,2601,CE2,TRP,A,325,43.998,20.702,52.934,1,13.45,C
ATOM,2602,CE3,TRP,A,325,43.346,20.406,50.628,1,13.5,C
ATOM,2603,CZ2,TRP,A,325,43.101,19.73,53.352,1,15.6,C
ATOM,2604,CZ3,TRP,A,325,42.454,19.437,51.073,1,15.42,C
ATOM,2605,CH2,TRP,A,325,42.37,19.113,52.403,1,15.3,C
ATOM,2744,N,TYR,A,345,43.153,-3.581,36.269,1,22.26,N
ATOM,2745,CA,TYR,A,345,41.879,-2.92,35.983,1,20.84,C
ATOM,2746,C,TYR,A,345,41.706,-2.635,34.512,1,21.08,C
ATOM,2747,O,TYR,A,345,42.263,-1.678,33.997,1,20.41,O
ATOM,2748,CB,TYR,A,345,41.761,-1.62,36.802,1,20.32,C
ATOM,2749,CG,TYR,A,345,41.949,-1.828,38.287,1,19.55,C
ATOM,2750,CD1,TYR,A,345,41.003,-2.547,39.028,1,20.66,C
ATOM,2751,CD2,TYR,A,345,43.062,-1.355,38.953,1,20.49,C
ATOM,2752,CE1,TYR,A,345,41.169,-2.758,40.385,1,18.87,C
ATOM,2753,CE2,TYR,A,345,43.246,-1.576,40.318,1,21.31,C
ATOM,2754,CZ,TYR,A,345,42.274,-2.259,41.03,1,20.65,C
ATOM,2755,OH,TYR,A,345,42.415,-2.45,42.379,1,22.68,O
ATOM,2823,N,MET,A,354,40.261,10.342,36.991,1,13.86,N
ATOM,2824,CA,MET,A,354,40.517,11.599,37.699,1,13.62,C
ATOM,2825,C,MET,A,354,41.695,11.394,38.61,1,13.17,C
ATOM,2826,O,MET,A,354,41.71,10.454,39.392,1,14.51,O
ATOM,2827,CB,MET,A,354,39.338,11.954,38.602,0.5,14.05,C
ATOM,2829,CG,MET,A,354,38.088,12.43,37.892,0.5,13.59,C
ATOM,2831,SD,MET,A,354,38.287,13.883,36.845,0.5,16.09,S
ATOM,2833,CE,MET,A,354,39.234,15.011,37.867,0.5,19.3,C
ATOM,2935,N,TRP,A,367,55.565,9.418,51.097,1,13.72,N
ATOM,2936,CA,TRP,A,367,55.817,10.532,52.01,1,14.69,C
ATOM,2937,C,TRP,A,367,56.022,10.132,53.465,1,16.44,C
ATOM,2938,O,TRP,A,367,56.393,10.978,54.278,1,18.72,O
ATOM,2939,CB,TRP,A,367,54.662,11.527,51.919,1,15.04,C
ATOM,2940,CG,TRP,A,367,54.482,12.085,50.512,1,13.25,C
ATOM,2941,CD1,TRP,A,367,53.576,11.678,49.614,1,13.15,C
ATOM,2942,CD2,TRP,A,367,55.217,13.136,49.886,1,13.04,C
ATOM,2943,NE1,TRP,A,367,53.686,12.382,48.448,1,12.61,N
ATOM,2944,CE2,TRP,A,367,54.709,13.267,48.581,1,12.74,C
ATOM,2945,CE3,TRP,A,367,56.301,13.925,50.266,1,13.11,C
ATOM,2946,CZ2,TRP,A,367,55.183,14.219,47.69,1,13.26,C
ATOM,2947,CZ3,TRP,A,367,56.794,14.85,49.371,1,13.73,C
ATOM,2948,CH2,TRP,A,367,56.222,14.992,48.096,1,13.77,C
ATOM,3214,N,CYS,A,400,50.781,22.576,33.61,1,10.96,N
ATOM,3215,CA,CYS,A,400,50.665,24.008,33.725,1,10.7,C
ATOM,3216,C,CYS,A,400,51.775,24.742,32.999,1,10.82,C
ATOM,3217,O,CYS,A,400,52.941,24.624,33.339,1,12.56,O
ATOM,3218,CB,CYS,A,400,50.771,24.344,35.196,1,10.29,C
ATOM,3219,SG,CYS,A,400,50.56,26.166,35.492,1,11.81,S
ATOM,3342,N,MET,A,416,58.687,39.051,50.337,1,12.74,N
ATOM,3343,CA,MET,A,416,58.451,40.442,50.723,1,13.65,C
ATOM,3344,C,MET,A,416,57.553,40.544,51.936,1,13.71,C
ATOM,3345,O,MET,A,416,57.787,41.387,52.808,1,14.06,O
ATOM,3346,CB,MET,A,416,57.875,41.23,49.563,1,13.6,C
ATOM,3347,CG,MET,A,416,58.912,41.473,48.477,1,14.11,C
ATOM,3348,SD,MET,A,416,58.303,42.393,47.047,1,17.49,S
ATOM,3349,CE,MET,A,416,58.205,44.034,47.784,1,20.89,C
ATOM,3350,N,MET,A,417,56.5,39.744,51.981,1,13.04,N
ATOM,3351,CA,MET,A,417,55.599,39.741,53.127,1,14.06,C
ATOM,3352,C,MET,A,417,56.352,39.436,54.42,1,13.9,C
ATOM,3353,O,MET,A,417,56.167,40.125,55.431,1,14.54,O
ATOM,3354,CB,MET,A,417,54.507,38.688,52.932,0.5,13.21,C
ATOM,3356,CG,MET,A,417,53.497,39.057,51.871,0.5,12.64,C
ATOM,3358,SD,MET,A,417,52.501,37.661,51.288,0.5,11.91,S
ATOM,3360,CE,MET,A,417,51.66,37.135,52.81,0.5,13.02,C
ATOM,3461,N,TYR,A,429,42.139,31.231,63.377,1,15.95,N
ATOM,3462,CA,TYR,A,429,41.312,30.858,62.247,1,16.16,C
ATOM,3463,C,TYR,A,429,41.212,29.347,62.067,1,16.31,C
ATOM,3464,O,TYR,A,429,42.225,28.63,62.082,1,16.18,O
ATOM,3465,CB,TYR,A,429,41.93,31.5,60.981,1,14.86,C
ATOM,3466,CG,TYR,A,429,41.371,30.964,59.676,1,14.61,C
ATOM,3467,CD1,TYR,A,429,40.103,31.332,59.209,1,13.81,C
ATOM,3468,CD2,TYR,A,429,42.088,30.046,58.922,1,14.38,C
ATOM,3469,CE1,TYR,A,429,39.577,30.813,58.038,1,14.47,C
ATOM,3470,CE2,TYR,A,429,41.57,29.541,57.729,1,14.51,C
ATOM,3471,CZ,TYR,A,429,40.312,29.913,57.298,1,13.38,C
ATOM,3472,OH,TYR,A,429,39.806,29.347,56.121,1,14.16,O
