ATOM,140,N,MET,A,288,8.559,-23.992,45,1,46.67,N
ATOM,141,CA,MET,A,288,7.284,-24.485,44.5,1,43.86,C
ATOM,142,C,MET,A,288,6.72,-23.606,43.387,1,44.18,C
ATOM,143,O,MET,A,288,6.07,-24.096,42.454,1,47.24,O
ATOM,144,CB,MET,A,288,6.281,-24.595,45.649,1,46.03,C
ATOM,145,CG,MET,A,288,6.772,-25.443,46.819,1,49.08,C
ATOM,146,SD,MET,A,288,7.298,-27.103,46.326,1,50,S
ATOM,147,CE,MET,A,288,8.238,-27.602,47.776,1,41.14,C
ATOM,304,N,MET,A,307,8.124,-35.177,42.603,1,46.53,N
ATOM,305,CA,MET,A,307,8.193,-35.583,44,1,49,C
ATOM,306,C,MET,A,307,8.037,-34.371,44.923,1,51.12,C
ATOM,307,O,MET,A,307,7.129,-34.31,45.762,1,51.22,O
ATOM,308,CB,MET,A,307,9.535,-36.264,44.266,1,48.46,C
ATOM,309,CG,MET,A,307,9.496,-37.348,45.307,1,63.36,C
ATOM,310,SD,MET,A,307,8.886,-38.882,44.616,1,73.41,S
ATOM,311,CE,MET,A,307,7.07,-38.62,44.641,1,72.58,C
ATOM,321,N,TYR,A,309,7.086,-31.218,44.269,1,46.19,N
ATOM,322,CA,TYR,A,309,5.846,-30.473,44.073,1,45.88,C
ATOM,323,C,TYR,A,309,4.591,-31.256,44.435,1,43.84,C
ATOM,324,O,TYR,A,309,3.687,-30.718,45.061,1,45.21,O
ATOM,325,CB,TYR,A,309,5.75,-29.98,42.625,1,47.89,C
ATOM,326,CG,TYR,A,309,4.672,-28.935,42.42,1,49.83,C
ATOM,327,CD1,TYR,A,309,4.452,-27.935,43.374,1,49,C
ATOM,328,CD2,TYR,A,309,3.881,-28.935,41.277,1,46.58,C
ATOM,329,CE1,TYR,A,309,3.475,-26.971,43.197,1,44.84,C
ATOM,330,CE2,TYR,A,309,2.896,-27.972,41.085,1,48.72,C
ATOM,331,CZ,TYR,A,309,2.698,-26.995,42.047,1,53.12,C
ATOM,332,OH,TYR,A,309,1.716,-26.055,41.865,1,48.75,O
ATOM,463,N,TRP,A,327,-2.828,-33.32,37.872,1,60.64,N
ATOM,464,CA,TRP,A,327,-1.698,-33.848,37.127,1,59.24,C
ATOM,465,C,TRP,A,327,-2.096,-34.41,35.765,1,59.11,C
ATOM,466,O,TRP,A,327,-1.384,-34.213,34.783,1,55.48,O
ATOM,467,CB,TRP,A,327,-0.98,-34.93,37.935,1,50.84,C
ATOM,468,CG,TRP,A,327,-0.172,-34.401,39.08,1,52.47,C
ATOM,469,CD1,TRP,A,327,-0.491,-34.468,40.402,1,48.7,C
ATOM,470,CD2,TRP,A,327,1.093,-33.729,39.004,1,46.4,C
ATOM,471,NE1,TRP,A,327,0.495,-33.881,41.157,1,45.92,N
ATOM,472,CE2,TRP,A,327,1.48,-33.421,40.325,1,45.23,C
ATOM,473,CE3,TRP,A,327,1.937,-33.362,37.949,1,46.18,C
ATOM,474,CZ2,TRP,A,327,2.677,-32.758,40.624,1,41.72,C
ATOM,475,CZ3,TRP,A,327,3.13,-32.701,38.243,1,47.73,C
ATOM,476,CH2,TRP,A,327,3.488,-32.407,39.573,1,48.88,C
ATOM,545,N,MET,A,336,0.157,-36.474,25.204,1,110.62,N
ATOM,546,CA,MET,A,336,0.395,-37.909,25.378,1,106.62,C
ATOM,547,C,MET,A,336,-0.884,-38.662,25.738,1,104.16,C
ATOM,548,O,MET,A,336,-1.827,-38.084,26.278,1,102.78,O
ATOM,549,CB,MET,A,336,1.446,-38.152,26.463,1,107.11,C
ATOM,550,CG,MET,A,336,2.747,-37.394,26.261,1,111.62,C
ATOM,551,SD,MET,A,336,3.516,-37.726,24.663,1,117.3,S
ATOM,552,CE,MET,A,336,4.047,-36.079,24.167,1,109.39,C
ATOM,617,N,TYR,A,345,2.229,-42.739,35.608,1,71.16,N
ATOM,618,CA,TYR,A,345,1.955,-41.686,36.583,1,65.29,C
ATOM,619,C,TYR,A,345,0.845,-41.818,37.647,1,60.21,C
ATOM,620,O,TYR,A,345,1.042,-41.391,38.778,1,59.53,O
ATOM,621,CB,TYR,A,345,1.777,-40.368,35.81,1,67.04,C
ATOM,622,CG,TYR,A,345,2.88,-40.164,34.796,1,75.66,C
ATOM,623,CD1,TYR,A,345,4.116,-39.633,35.17,1,82.4,C
ATOM,624,CD2,TYR,A,345,2.729,-40.612,33.478,1,86.52,C
ATOM,625,CE1,TYR,A,345,5.189,-39.559,34.252,1,91.02,C
ATOM,626,CE2,TYR,A,345,3.787,-40.547,32.553,1,90.34,C
ATOM,627,CZ,TYR,A,345,5.014,-40.02,32.943,1,93.32,C
ATOM,628,OH,TYR,A,345,6.051,-39.959,32.033,1,85.87,O
ATOM,635,N,TYR,A,347,-0.488,-44.494,39.363,1,46.36,N
ATOM,636,CA,TYR,A,347,-0.157,-45.353,40.496,1,45.45,C
ATOM,637,C,TYR,A,347,0.751,-44.64,41.483,1,45.36,C
ATOM,638,O,TYR,A,347,0.552,-44.714,42.696,1,48.31,O
ATOM,639,CB,TYR,A,347,0.562,-46.621,40.039,1,43.99,C
ATOM,640,CG,TYR,A,347,1.044,-47.483,41.189,1,49.3,C
ATOM,641,CD1,TYR,A,347,0.319,-48.598,41.604,1,41.37,C
ATOM,642,CD2,TYR,A,347,2.224,-47.18,41.863,1,42.24,C
ATOM,643,CE1,TYR,A,347,0.766,-49.388,42.655,1,49.49,C
ATOM,644,CE2,TYR,A,347,2.674,-47.955,42.916,1,43.48,C
ATOM,645,CZ,TYR,A,347,1.949,-49.06,43.307,1,50.15,C
ATOM,646,OH,TYR,A,347,2.414,-49.853,44.333,1,45.9,O
ATOM,762,N,TYR,A,362,3.063,-39.998,52.926,1,48.02,N
ATOM,763,CA,TYR,A,362,4.308,-39.241,52.972,1,40.82,C
ATOM,764,C,TYR,A,362,4.193,-37.76,53.289,1,40.36,C
ATOM,765,O,TYR,A,362,3.441,-37.027,52.653,1,43.28,O
ATOM,766,CB,TYR,A,362,5.065,-39.39,51.649,1,45.51,C
ATOM,767,CG,TYR,A,362,5.467,-40.803,51.346,1,40.86,C
ATOM,768,CD1,TYR,A,362,4.687,-41.607,50.521,1,36.71,C
ATOM,769,CD2,TYR,A,362,6.601,-41.357,51.931,1,38.89,C
ATOM,770,CE1,TYR,A,362,5.023,-42.941,50.288,1,39.45,C
ATOM,771,CE2,TYR,A,362,6.949,-42.683,51.709,1,38.42,C
ATOM,772,CZ,TYR,A,362,6.158,-43.473,50.892,1,39.57,C
ATOM,773,OH,TYR,A,362,6.481,-44.802,50.716,1,40.5,O
ATOM,907,N,TYR,A,381,13.598,-28.782,37.646,1,60.81,N
ATOM,908,CA,TYR,A,381,13.273,-27.491,38.233,1,56.19,C
ATOM,909,C,TYR,A,381,13.154,-27.591,39.742,1,56.42,C
ATOM,910,O,TYR,A,381,12.966,-26.584,40.41,1,56.67,O
ATOM,911,CB,TYR,A,381,11.974,-26.966,37.647,1,60.01,C
ATOM,912,CG,TYR,A,381,12.078,-26.652,36.178,1,60.4,C
ATOM,913,CD1,TYR,A,381,12.502,-25.393,35.742,1,63.22,C
ATOM,914,CD2,TYR,A,381,11.78,-27.622,35.218,1,61.96,C
ATOM,915,CE1,TYR,A,381,12.625,-25.102,34.377,1,66.16,C
ATOM,916,CE2,TYR,A,381,11.902,-27.347,33.855,1,66.25,C
ATOM,917,CZ,TYR,A,381,12.323,-26.085,33.443,1,68.64,C
ATOM,918,OH,TYR,A,381,12.43,-25.811,32.101,1,72.37,O
ATOM,1074,N,TYR,A,401,9.941,-11.439,39.789,1,74.58,N
ATOM,1075,CA,TYR,A,401,8.92,-11.477,40.822,1,74.41,C
ATOM,1076,C,TYR,A,401,8.684,-10.059,41.327,1,76.32,C
ATOM,1077,O,TYR,A,401,7.935,-9.835,42.272,1,77.41,O
ATOM,1078,CB,TYR,A,401,9.347,-12.402,41.975,1,74.88,C
ATOM,1079,CG,TYR,A,401,9.535,-13.863,41.586,1,67.99,C
ATOM,1080,CD1,TYR,A,401,8.823,-14.421,40.522,1,66.31,C
ATOM,1081,CD2,TYR,A,401,10.4,-14.697,42.305,1,69.11,C
ATOM,1082,CE1,TYR,A,401,8.962,-15.77,40.178,1,62.83,C
ATOM,1083,CE2,TYR,A,401,10.544,-16.054,41.968,1,63.5,C
ATOM,1084,CZ,TYR,A,401,9.818,-16.577,40.902,1,64.64,C
ATOM,1085,OH,TYR,A,401,9.934,-17.903,40.555,1,61.56,O
ATOM,1216,N,TYR,A,420,20.54,-19.848,52.908,1,65.03,N
ATOM,1217,CA,TYR,A,420,19.472,-19.985,51.931,1,63.54,C
ATOM,1218,C,TYR,A,420,18.073,-19.804,52.493,1,64.27,C
ATOM,1219,O,TYR,A,420,17.262,-19.085,51.907,1,61.22,O
ATOM,1220,CB,TYR,A,420,19.58,-21.348,51.251,1,60.01,C
ATOM,1221,CG,TYR,A,420,20.97,-21.64,50.746,1,60.55,C
ATOM,1222,CD1,TYR,A,420,21.52,-20.902,49.703,1,59.37,C
ATOM,1223,CD2,TYR,A,420,21.757,-22.63,51.34,1,60.39,C
ATOM,1224,CE1,TYR,A,420,22.824,-21.139,49.263,1,60.67,C
ATOM,1225,CE2,TYR,A,420,23.06,-22.876,50.91,1,52.12,C
ATOM,1226,CZ,TYR,A,420,23.586,-22.126,49.874,1,59.76,C
ATOM,1227,OH,TYR,A,420,24.877,-22.35,49.454,1,64.42,O
ATOM,1273,N,TYR,A,427,12.618,-13.138,51.277,1,63.69,N
ATOM,1274,CA,TYR,A,427,11.724,-13.077,50.124,1,61.99,C
ATOM,1275,C,TYR,A,427,10.269,-13.061,50.6,1,61.71,C
ATOM,1276,O,TYR,A,427,9.415,-12.399,50.003,1,61.11,O
ATOM,1277,CB,TYR,A,427,11.993,-14.269,49.176,1,56.21,C
ATOM,1278,CG,TYR,A,427,10.916,-14.522,48.142,1,47.04,C
ATOM,1279,CD1,TYR,A,427,9.779,-15.267,48.464,1,52.84,C
ATOM,1280,CD2,TYR,A,427,11.006,-13.988,46.854,1,46.11,C
ATOM,1281,CE1,TYR,A,427,8.752,-15.474,47.531,1,44.95,C
ATOM,1282,CE2,TYR,A,427,9.979,-14.19,45.913,1,42.58,C
ATOM,1283,CZ,TYR,A,427,8.859,-14.936,46.266,1,45.73,C
ATOM,1284,OH,TYR,A,427,7.848,-15.164,45.362,1,51.5,O
ATOM,1305,N,MET,A,430,9.195,-9.619,51.893,1,76.55,N
ATOM,1306,CA,MET,A,430,9.074,-8.661,50.816,1,75.53,C
ATOM,1307,C,MET,A,430,7.791,-8.767,50.017,1,74.71,C
ATOM,1308,O,MET,A,430,7.145,-7.758,49.752,1,78.39,O
ATOM,1309,CB,MET,A,430,10.266,-8.806,49.898,1,76.08,C
ATOM,1310,CG,MET,A,430,11.54,-8.772,50.67,1,80.09,C
ATOM,1311,SD,MET,A,430,12.578,-7.462,50.117,1,90.9,S
ATOM,1312,CE,MET,A,430,13.586,-8.393,48.962,1,93.34,C
ATOM,1362,N,CYS,A,437,8.906,-11.788,59.2,1,86.64,N
ATOM,1363,CA,CYS,A,437,7.997,-12.883,58.882,1,82.79,C
ATOM,1364,C,CYS,A,437,7.446,-13.498,60.163,1,77.48,C
ATOM,1365,O,CYS,A,437,6.331,-14.021,60.177,1,74.52,O
ATOM,1366,CB,CYS,A,437,8.709,-13.946,58.039,1,83.12,C
ATOM,1367,SG,CYS,A,437,10.101,-14.744,58.847,1,90.43,S
ATOM,1461,N,CYS,A,449,1.643,-21.826,54.762,1,53.27,N
ATOM,1462,CA,CYS,A,449,0.708,-21.565,55.844,1,53.36,C
ATOM,1463,C,CYS,A,449,0.846,-20.166,56.416,1,56.93,C
ATOM,1464,O,CYS,A,449,-0.154,-19.474,56.582,1,59.67,O
ATOM,1465,CB,CYS,A,449,0.871,-22.608,56.948,1,47.1,C
ATOM,1466,SG,CYS,A,449,0.247,-24.244,56.472,1,58.8,S