ATOM,90,N,TYR,A,16,-0.486,80.733,52.099,1,11.94,N
ATOM,91,CA,TYR,A,16,0.564,80.572,51.119,1,11.69,C
ATOM,92,C,TYR,A,16,0.279,81.298,49.817,1,11.89,C
ATOM,93,O,TYR,A,16,1.132,81.982,49.286,1,12.26,O
ATOM,94,CB,TYR,A,16,0.723,79.095,50.843,1,13.04,C
ATOM,95,CG,TYR,A,16,1.707,78.707,49.768,1,13.87,C
ATOM,96,CD1,TYR,A,16,1.28,78.232,48.568,1,21,C
ATOM,97,CD2,TYR,A,16,3.066,78.775,49.988,1,16.84,C
ATOM,98,CE1,TYR,A,16,2.2,77.864,47.575,1,22.76,C
ATOM,99,CE2,TYR,A,16,3.988,78.389,49.069,1,17.15,C
ATOM,100,CZ,TYR,A,16,3.538,77.954,47.85,1,18.6,C
ATOM,101,OH,TYR,A,16,4.472,77.522,46.898,1,16.72,O
ATOM,155,N,TYR,A,23,5.628,87.297,46.241,1,8.69,N
ATOM,156,CA,TYR,A,23,6.822,86.729,45.603,1,8.22,C
ATOM,157,C,TYR,A,23,6.759,87.044,44.111,1,8.49,C
ATOM,158,O,TYR,A,23,7.735,87.496,43.527,1,9.41,O
ATOM,159,CB,TYR,A,23,6.883,85.214,45.908,1,8.47,C
ATOM,160,CG,TYR,A,23,8.027,84.522,45.256,1,7.96,C
ATOM,161,CD1,TYR,A,23,9.13,84.093,45.995,1,7.72,C
ATOM,162,CD2,TYR,A,23,8.064,84.22,43.888,1,8.67,C
ATOM,163,CE1,TYR,A,23,10.174,83.435,45.384,1,8.01,C
ATOM,164,CE2,TYR,A,23,9.118,83.625,43.255,1,9,C
ATOM,165,CZ,TYR,A,23,10.192,83.231,44.019,1,8.29,C
ATOM,166,OH,TYR,A,23,11.282,82.613,43.428,1,8.98,O
ATOM,391,N,TRP,A,51,19.56,90.906,54.418,1,8.01,N
ATOM,392,CA,TRP,A,51,20.611,90.658,55.4,1,8.41,C
ATOM,393,C,TRP,A,51,20.812,91.809,56.364,1,7.53,C
ATOM,394,O,TRP,A,51,20.847,91.565,57.583,1,9.18,O
ATOM,395,CB,TRP,A,51,21.877,90.266,54.685,1,10.11,C
ATOM,396,CG,TRP,A,51,23.205,90.681,55.162,1,9.09,C
ATOM,397,CD1,TRP,A,51,24.074,91.354,54.374,1,10.76,C
ATOM,398,CD2,TRP,A,51,23.877,90.494,56.424,1,8.62,C
ATOM,399,NE1,TRP,A,51,25.26,91.608,55.039,1,11.49,N
ATOM,400,CE2,TRP,A,51,25.149,91.077,56.309,1,9.17,C
ATOM,401,CE3,TRP,A,51,23.549,89.88,57.627,1,9.28,C
ATOM,402,CZ2,TRP,A,51,26.078,91.09,57.325,1,11.05,C
ATOM,403,CZ3,TRP,A,51,24.484,89.888,58.635,1,11.17,C
ATOM,404,CH2,TRP,A,51,25.722,90.486,58.464,1,11.2,C
ATOM,800,N,TRP,A,101,-1.017,94.975,52.996,1,11.65,N
ATOM,801,CA,TRP,A,101,-1.259,94.116,54.13,1,11.09,C
ATOM,802,C,TRP,A,101,-0.013,93.393,54.631,1,11.51,C
ATOM,803,O,TRP,A,101,-0.027,92.876,55.751,1,13.25,O
ATOM,804,CB,TRP,A,101,-2.315,93.097,53.739,1,12.65,C
ATOM,805,CG,TRP,A,101,-2.05,92.306,52.489,1,11.92,C
ATOM,806,CD1,TRP,A,101,-2.552,92.544,51.252,1,12.92,C
ATOM,807,CD2,TRP,A,101,-1.224,91.148,52.357,1,11.79,C
ATOM,808,NE1,TRP,A,101,-2.098,91.621,50.368,1,13.52,N
ATOM,809,CE2,TRP,A,101,-1.277,90.739,51.011,1,12.3,C
ATOM,810,CE3,TRP,A,101,-0.45,90.388,53.227,1,11.7,C
ATOM,811,CZ2,TRP,A,101,-0.578,89.645,50.553,1,12.83,C
ATOM,812,CZ3,TRP,A,101,0.23,89.307,52.753,1,12.82,C
ATOM,813,CH2,TRP,A,101,0.165,88.932,51.427,1,12.98,C
ATOM,931,N,MET,A,119,17.392,84.182,41.088,1,8.05,N
ATOM,932,CA,MET,A,119,18.756,84.119,40.577,1,7.71,C
ATOM,933,C,MET,A,119,19.301,82.697,40.564,1,7.25,C
ATOM,934,O,MET,A,119,20.508,82.497,40.452,1,8.36,O
ATOM,935,CB,MET,A,119,19.664,85.071,41.35,1,7.74,C
ATOM,936,CG,MET,A,119,19.313,86.526,41.106,1,8.76,C
ATOM,937,SD,MET,A,119,20.488,87.7,41.801,1,10.06,S
ATOM,938,CE,MET,A,119,20.172,87.519,43.567,1,10.52,C
ATOM,1202,N,TYR,A,153,37.837,88.887,63.997,1,9.64,N
ATOM,1203,CA,TYR,A,153,36.747,89.81,64.062,1,9.83,C
ATOM,1204,C,TYR,A,153,35.466,89.185,63.54,1,9.09,C
ATOM,1205,O,TYR,A,153,34.382,89.362,64.08,1,9.42,O
ATOM,1206,CB,TYR,A,153,37.112,91.087,63.279,1,10.77,C
ATOM,1207,CG,TYR,A,153,35.91,91.987,63.104,1,9.87,C
ATOM,1208,CD1,TYR,A,153,35.594,92.941,64.039,1,11.45,C
ATOM,1209,CD2,TYR,A,153,35.088,91.927,61.969,1,10.62,C
ATOM,1210,CE1,TYR,A,153,34.503,93.792,63.913,1,13.2,C
ATOM,1211,CE2,TYR,A,153,33.992,92.726,61.798,1,11.44,C
ATOM,1212,CZ,TYR,A,153,33.714,93.669,62.805,1,10.82,C
ATOM,1213,OH,TYR,A,153,32.615,94.477,62.624,1,12.74,O
ATOM,1297,N,MET,A,163,25.689,82.561,64.897,1,7.52,N
ATOM,1298,CA,MET,A,163,26.194,81.807,63.749,1,6.9,C
ATOM,1299,C,MET,A,163,27.562,81.204,64.077,1,7.59,C
ATOM,1300,O,MET,A,163,28.418,81.869,64.669,1,8.67,O
ATOM,1301,CB,MET,A,163,26.302,82.704,62.512,1,7.52,C
ATOM,1302,CG,MET,A,163,24.976,83.302,62.081,1,8.09,C
ATOM,1303,SD,MET,A,163,23.826,82.04,61.5,1,8.65,S
ATOM,1304,CE,MET,A,163,22.461,83.116,61.092,1,9.62,C
ATOM,1375,N,MET,A,172,28.525,83.999,53.707,1,7.29,N
ATOM,1376,CA,MET,A,172,29.384,84.907,52.943,1,7.36,C
ATOM,1377,C,MET,A,172,29.411,84.538,51.487,1,6.9,C
ATOM,1378,O,MET,A,172,29.813,85.388,50.661,1,8.11,O
ATOM,1379,CB,MET,A,172,30.834,84.82,53.444,0.59,7.88,C
ATOM,1381,CG,MET,A,172,31.545,86.141,53.394,0.59,8.53,C
ATOM,1383,SD,MET,A,172,30.95,87.294,54.652,0.59,10.58,S
ATOM,1385,CE,MET,A,172,32.014,86.774,55.988,0.59,22.92,C
ATOM,1484,N,TYR,A,187,34.705,100.562,48.84,1,10.84,N
ATOM,1485,CA,TYR,A,187,35.266,99.421,48.162,1,10.25,C
ATOM,1486,C,TYR,A,187,34.678,99.424,46.757,1,10.65,C
ATOM,1487,O,TYR,A,187,33.554,99.862,46.57,1,11.33,O
ATOM,1488,CB,TYR,A,187,34.971,98.067,48.853,1,9.91,C
ATOM,1489,CG,TYR,A,187,35.606,98.076,50.234,1,9.71,C
ATOM,1490,CD1,TYR,A,187,36.937,97.738,50.35,1,10.19,C
ATOM,1491,CD2,TYR,A,187,34.923,98.435,51.376,1,10.07,C
ATOM,1492,CE1,TYR,A,187,37.531,97.759,51.578,1,11.04,C
ATOM,1493,CE2,TYR,A,187,35.513,98.474,52.623,1,11.07,C
ATOM,1494,CZ,TYR,A,187,36.851,98.119,52.731,1,11.08,C
ATOM,1495,OH,TYR,A,187,37.439,98.16,53.983,1,13.52,O
ATOM,1516,N,TRP,A,191,32.862,90.49,43.019,1,10.39,N
ATOM,1517,CA,TRP,A,191,33.573,89.343,43.529,1,9.69,C
ATOM,1518,C,TRP,A,191,33.749,88.295,42.457,1,10.5,C
ATOM,1519,O,TRP,A,191,34.58,87.381,42.596,1,11.59,O
ATOM,1520,CB,TRP,A,191,32.841,88.71,44.705,1,10.69,C
ATOM,1521,CG,TRP,A,191,32.756,89.528,45.926,1,9.71,C
ATOM,1522,CD1,TRP,A,191,33.64,89.487,46.968,1,10.06,C
ATOM,1523,CD2,TRP,A,191,31.748,90.493,46.309,1,9.27,C
ATOM,1524,NE1,TRP,A,191,33.257,90.352,47.961,1,10.17,N
ATOM,1525,CE2,TRP,A,191,32.097,90.987,47.59,1,9.64,C
ATOM,1526,CE3,TRP,A,191,30.584,90.983,45.736,1,9.98,C
ATOM,1527,CZ2,TRP,A,191,31.367,91.94,48.301,1,9.69,C
ATOM,1528,CZ3,TRP,A,191,29.863,91.91,46.417,1,11.1,C
ATOM,1529,CH2,TRP,A,191,30.223,92.379,47.669,1,10.28,C
ATOM,1631,N,TYR,A,203,33.654,81.062,46.44,1,7.66,N
ATOM,1632,CA,TYR,A,203,34.667,80.17,47.007,1,7.57,C
ATOM,1633,C,TYR,A,203,35.693,79.775,45.983,1,8.41,C
ATOM,1634,O,TYR,A,203,36.897,79.704,46.263,1,9.22,O
ATOM,1635,CB,TYR,A,203,33.965,78.914,47.573,1,7.75,C
ATOM,1636,CG,TYR,A,203,32.848,79.275,48.515,1,6.91,C
ATOM,1637,CD1,TYR,A,203,31.531,79.15,48.101,1,7.67,C
ATOM,1638,CD2,TYR,A,203,33.077,79.73,49.801,1,7.51,C
ATOM,1639,CE1,TYR,A,203,30.491,79.487,48.94,1,7.76,C
ATOM,1640,CE2,TYR,A,203,32.047,80.057,50.641,1,7.23,C
ATOM,1641,CZ,TYR,A,203,30.748,79.935,50.205,1,6.84,C
ATOM,1642,OH,TYR,A,203,29.701,80.23,51.008,1,7.78,O
ATOM,1875,N,MET,A,231,38.069,91.024,46.591,1,9.33,N
ATOM,1876,CA,MET,A,231,37.666,90.468,47.868,1,8.37,C
ATOM,1877,C,MET,A,231,37.915,91.524,48.933,1,8.57,C
ATOM,1878,O,MET,A,231,38.963,92.175,48.967,1,10.24,O
ATOM,1879,CB,MET,A,231,38.441,89.191,48.188,1,8.89,C
ATOM,1880,CG,MET,A,231,38.147,88.035,47.27,1,9.41,C
ATOM,1881,SD,MET,A,231,36.566,87.251,47.688,1,9.85,S
ATOM,1882,CE,MET,A,231,36.189,86.461,46.11,1,11.51,C
ATOM,1913,N,TYR,A,236,38.705,87.711,52.373,1,8.2,N
ATOM,1914,CA,TYR,A,236,39.994,87.041,52.244,1,8.39,C
ATOM,1915,C,TYR,A,236,40.367,86.389,53.541,1,8.58,C
ATOM,1916,O,TYR,A,236,41.105,85.374,53.535,1,9.33,O
ATOM,1917,CB,TYR,A,236,41.005,88.057,51.772,1,9.52,C
ATOM,1918,CG,TYR,A,236,42.295,87.48,51.26,1,10.19,C
ATOM,1919,CD1,TYR,A,236,43.411,87.331,52.076,1,11.16,C
ATOM,1920,CD2,TYR,A,236,42.435,87.113,49.952,1,11.79,C
ATOM,1921,CE1,TYR,A,236,44.588,86.802,51.555,1,12.64,C
ATOM,1922,CE2,TYR,A,236,43.597,86.595,49.412,1,12.89,C
ATOM,1923,CZ,TYR,A,236,44.662,86.445,50.227,1,13.85,C
ATOM,1924,OH,TYR,A,236,45.859,85.928,49.764,1,15.62,O
ATOM,1980,N,TYR,A,244,38.207,78.353,58.696,1,8.7,N
ATOM,1981,CA,TYR,A,244,37.385,78.833,57.557,1,8.03,C
ATOM,1982,C,TYR,A,244,37.841,78.25,56.253,1,8.33,C
ATOM,1983,O,TYR,A,244,37.012,77.921,55.405,1,8.33,O
ATOM,1984,CB,TYR,A,244,37.44,80.343,57.596,1,8.19,C
ATOM,1985,CG,TYR,A,244,36.672,81.09,58.655,1,7.38,C
ATOM,1986,CD1,TYR,A,244,37.049,82.366,59.06,1,7.93,C
ATOM,1987,CD2,TYR,A,244,35.474,80.595,59.186,1,8.07,C
ATOM,1988,CE1,TYR,A,244,36.344,83.068,59.988,1,8.39,C
ATOM,1989,CE2,TYR,A,244,34.739,81.345,60.094,1,8.18,C
ATOM,1990,CZ,TYR,A,244,35.172,82.579,60.494,1,8.04,C
ATOM,1991,OH,TYR,A,244,34.452,83.343,61.357,1,9.13,O
ATOM,2041,N,TYR,A,251,32.879,74.062,50.135,1,8.04,N
ATOM,2042,CA,TYR,A,251,31.832,74.655,49.291,1,8.15,C
ATOM,2043,C,TYR,A,251,32.327,74.864,47.87,1,8.4,C
ATOM,2044,O,TYR,A,251,31.526,74.74,46.922,1,8.98,O
ATOM,2045,CB,TYR,A,251,31.31,75.95,49.908,1,7.86,C
ATOM,2046,CG,TYR,A,251,30.553,75.759,51.207,1,7.4,C
ATOM,2047,CD1,TYR,A,251,30.627,76.77,52.158,1,8.41,C
ATOM,2048,CD2,TYR,A,251,29.788,74.68,51.483,1,7.75,C
ATOM,2049,CE1,TYR,A,251,29.944,76.639,53.349,1,8.64,C
ATOM,2050,CE2,TYR,A,251,29.114,74.537,52.669,1,9.07,C
ATOM,2051,CZ,TYR,A,251,29.194,75.541,53.597,1,8.42,C
ATOM,2052,OH,TYR,A,251,28.534,75.425,54.808,1,9.31,O