ATOM,34,N,TYR,A,13,-1.294,-44.025,16.417,1,43.41,N
ATOM,35,CA,TYR,A,13,-0.45,-43.354,17.408,1,48.76,C
ATOM,36,C,TYR,A,13,0.752,-44.219,17.762,1,45.02,C
ATOM,37,O,TYR,A,13,0.612,-45.319,18.334,1,44.57,O
ATOM,38,CB,TYR,A,13,-1.253,-43.026,18.683,1,37.01,C
ATOM,39,CG,TYR,A,13,-0.438,-42.406,19.801,1,39.22,C
ATOM,40,CD1,TYR,A,13,0.138,-41.139,19.648,1,38.51,C
ATOM,41,CD2,TYR,A,13,-0.275,-43.063,21.025,1,40.42,C
ATOM,42,CE1,TYR,A,13,0.873,-40.556,20.667,1,37.18,C
ATOM,43,CE2,TYR,A,13,0.454,-42.479,22.065,1,37.4,C
ATOM,44,CZ,TYR,A,13,1.032,-41.221,21.87,1,42.1,C
ATOM,45,OH,TYR,A,13,1.763,-40.612,22.88,1,41.76,O
ATOM,372,N,CYS,A,54,-37.452,-37.433,44.919,1,28.5,N
ATOM,373,CA,CYS,A,54,-36.636,-36.331,45.459,1,29.45,C
ATOM,374,C,CYS,A,54,-37.327,-34.971,45.283,1,25.61,C
ATOM,375,O,CYS,A,54,-37.834,-34.665,44.186,1,26.39,O
ATOM,376,CB,CYS,A,54,-35.261,-36.313,44.784,1,30.55,C
ATOM,377,SG,CYS,A,54,-34.126,-35.114,45.547,1,31.06,S
ATOM,389,N,TRP,A,56,-36.622,-31.954,44.439,0.5,25.85,N
ATOM,391,CA,TRP,A,56,-35.705,-30.962,43.86,0.5,25.64,C
ATOM,393,C,TRP,A,56,-36.333,-29.588,43.838,0.5,24.71,C
ATOM,395,O,TRP,A,56,-37.549,-29.45,43.698,0.5,23.35,O
ATOM,397,CB,TRP,A,56,-35.289,-31.315,42.435,0.5,26.08,C
ATOM,399,CG,TRP,A,56,-34.281,-32.404,42.352,0.5,28.73,C
ATOM,401,CD1,TRP,A,56,-32.941,-32.314,42.593,0.5,28.77,C
ATOM,403,CD2,TRP,A,56,-34.533,-33.746,41.976,0.5,28.44,C
ATOM,405,NE1,TRP,A,56,-32.342,-33.536,42.402,0.5,28.02,N
ATOM,407,CE2,TRP,A,56,-33.304,-34.435,42.027,0.5,29.86,C
ATOM,409,CE3,TRP,A,56,-35.685,-34.442,41.612,0.5,28.64,C
ATOM,411,CZ2,TRP,A,56,-33.197,-35.785,41.723,0.5,29.91,C
ATOM,413,CZ3,TRP,A,56,-35.58,-35.759,41.321,0.5,30.85,C
ATOM,415,CH2,TRP,A,56,-34.345,-36.428,41.366,0.5,31.3,C
ATOM,559,N,MET,A,76,-39.35,-15.719,58.994,1,24.44,N
ATOM,560,CA,MET,A,76,-39.683,-14.309,58.995,1,24.95,C
ATOM,561,C,MET,A,76,-40.472,-13.939,60.241,1,26.06,C
ATOM,562,O,MET,A,76,-40.175,-12.947,60.903,1,25.58,O
ATOM,563,CB,MET,A,76,-40.518,-13.91,57.762,1,26.37,C
ATOM,564,CG,MET,A,76,-39.873,-14.095,56.437,1,33.57,C
ATOM,565,SD,MET,A,76,-41.066,-13.697,55.128,1,32.92,S
ATOM,566,CE,MET,A,76,-41.142,-11.918,55.271,1,29.46,C
ATOM,578,N,TYR,A,78,-40.899,-15.502,63.246,1,21.79,N
ATOM,579,CA,TYR,A,78,-40.258,-15.665,64.553,1,22.31,C
ATOM,580,C,TYR,A,78,-39.042,-14.758,64.74,1,24.38,C
ATOM,581,O,TYR,A,78,-38.788,-14.289,65.852,1,24.11,O
ATOM,582,CB,TYR,A,78,-39.894,-17.149,64.785,1,22.76,C
ATOM,583,CG,TYR,A,78,-41.158,-17.997,64.764,1,24.03,C
ATOM,584,CD1,TYR,A,78,-42.299,-17.553,65.431,1,28.32,C
ATOM,585,CD2,TYR,A,78,-41.223,-19.217,64.079,1,27.46,C
ATOM,586,CE1,TYR,A,78,-43.472,-18.274,65.412,1,32.06,C
ATOM,587,CE2,TYR,A,78,-42.408,-19.954,64.045,1,29.89,C
ATOM,588,CZ,TYR,A,78,-43.528,-19.465,64.727,1,34.61,C
ATOM,589,OH,TYR,A,78,-44.71,-20.16,64.721,1,38.08,O
ATOM,893,N,TYR,A,119,-34.421,-30.094,58.344,1,24.55,N
ATOM,894,CA,TYR,A,119,-34.835,-29.193,57.278,1,23.53,C
ATOM,895,C,TYR,A,119,-34.758,-27.758,57.81,1,27.06,C
ATOM,896,O,TYR,A,119,-34.475,-27.541,58.995,1,22.81,O
ATOM,897,CB,TYR,A,119,-36.248,-29.527,56.763,1,22.22,C
ATOM,898,CG,TYR,A,119,-36.453,-29.044,55.345,1,20.94,C
ATOM,899,CD1,TYR,A,119,-35.626,-29.484,54.301,1,19.02,C
ATOM,900,CD2,TYR,A,119,-37.46,-28.138,55.052,1,24.88,C
ATOM,901,CE1,TYR,A,119,-35.82,-28.999,52.99,1,23.11,C
ATOM,902,CE2,TYR,A,119,-37.649,-27.663,53.796,1,22.94,C
ATOM,903,CZ,TYR,A,119,-36.834,-28.073,52.764,1,23.43,C
ATOM,904,OH,TYR,A,119,-37.066,-27.528,51.525,1,25.18,O
ATOM,952,N,MET,A,126,-40.82,-26.158,50.994,1,26.46,N
ATOM,953,CA,MET,A,126,-40.589,-24.725,51.226,1,23.05,C
ATOM,954,C,MET,A,126,-39.138,-24.356,51.534,1,19.94,C
ATOM,955,O,MET,A,126,-38.259,-25.208,51.628,1,22.86,O
ATOM,956,CB,MET,A,126,-41.491,-24.225,52.354,1,22.99,C
ATOM,957,CG,MET,A,126,-42.97,-24.207,52.007,1,26.3,C
ATOM,958,SD,MET,A,126,-43.973,-23.55,53.37,1,32.33,S
ATOM,959,CE,MET,A,126,-45.544,-23.498,52.523,1,35.94,C
ATOM,986,N,TYR,A,130,-35.374,-13.931,54.374,1,22.82,N
ATOM,987,CA,TYR,A,130,-34.385,-13.193,55.159,1,21.93,C
ATOM,988,C,TYR,A,130,-34.652,-11.686,55.169,1,23.34,C
ATOM,989,O,TYR,A,130,-33.949,-10.899,54.505,1,23.88,O
ATOM,990,CB,TYR,A,130,-32.987,-13.464,54.607,1,20.91,C
ATOM,991,CG,TYR,A,130,-32.682,-14.931,54.58,1,21.45,C
ATOM,992,CD1,TYR,A,130,-32.983,-15.701,53.449,1,20.99,C
ATOM,993,CD2,TYR,A,130,-32.137,-15.56,55.681,1,21.71,C
ATOM,994,CE1,TYR,A,130,-32.746,-17.064,53.428,1,23.09,C
ATOM,995,CE2,TYR,A,130,-31.895,-16.945,55.699,1,20.95,C
ATOM,996,CZ,TYR,A,130,-32.196,-17.694,54.566,1,23.38,C
ATOM,997,OH,TYR,A,130,-31.944,-19.048,54.55,1,20.59,O
ATOM,1038,N,MET,A,136,-35.43,-5.319,49.31,1,20.26,N
ATOM,1039,CA,MET,A,136,-35.799,-5.521,47.913,1,25.39,C
ATOM,1040,C,MET,A,136,-36.015,-6.991,47.551,1,24.24,C
ATOM,1041,O,MET,A,136,-36.937,-7.323,46.803,1,22.62,O
ATOM,1042,CB,MET,A,136,-34.739,-4.921,46.977,1,21.5,C
ATOM,1043,CG,MET,A,136,-34.794,-3.39,46.935,1,25.94,C
ATOM,1044,SD,MET,A,136,-33.596,-2.749,45.737,1,25.25,S
ATOM,1045,CE,MET,A,136,-33.614,-0.979,46.108,1,28.85,C
ATOM,1075,N,TYR,A,141,-40.013,-11.344,46.296,1,23.54,N
ATOM,1076,CA,TYR,A,141,-40.759,-12.569,46.647,1,23.5,C
ATOM,1077,C,TYR,A,141,-42.26,-12.302,46.823,1,25.21,C
ATOM,1078,O,TYR,A,141,-43.104,-13.084,46.388,1,26.52,O
ATOM,1079,CB,TYR,A,141,-40.179,-13.218,47.921,1,23.12,C
ATOM,1080,CG,TYR,A,141,-39.066,-14.215,47.646,1,23.02,C
ATOM,1081,CD1,TYR,A,141,-39.363,-15.485,47.124,1,23.5,C
ATOM,1082,CD2,TYR,A,141,-37.717,-13.908,47.91,1,20.49,C
ATOM,1083,CE1,TYR,A,141,-38.364,-16.424,46.862,1,23.48,C
ATOM,1084,CE2,TYR,A,141,-36.701,-14.85,47.673,1,20.52,C
ATOM,1085,CZ,TYR,A,141,-37.037,-16.113,47.155,1,26.23,C
ATOM,1086,OH,TYR,A,141,-36.083,-17.071,46.85,1,22.51,O
ATOM,1120,N,TYR,A,146,-44.656,-17.412,44.228,1,31.71,N
ATOM,1121,CA,TYR,A,146,-44.227,-18.238,45.354,1,28.26,C
ATOM,1122,C,TYR,A,146,-44.017,-17.401,46.629,1,27.11,C
ATOM,1123,O,TYR,A,146,-43.205,-17.739,47.48,1,28.23,O
ATOM,1124,CB,TYR,A,146,-42.957,-19.031,44.977,1,26.14,C
ATOM,1125,CG,TYR,A,146,-42.011,-18.304,44.032,1,26.16,C
ATOM,1126,CD1,TYR,A,146,-42.124,-18.455,42.657,1,28.92,C
ATOM,1127,CD2,TYR,A,146,-40.991,-17.483,44.521,1,25.89,C
ATOM,1128,CE1,TYR,A,146,-41.271,-17.806,41.792,1,26.92,C
ATOM,1129,CE2,TYR,A,146,-40.128,-16.81,43.652,1,24.83,C
ATOM,1130,CZ,TYR,A,146,-40.276,-16.97,42.281,1,30.27,C
ATOM,1131,OH,TYR,A,146,-39.438,-16.29,41.385,1,27.54,O
ATOM,1223,N,TYR,A,160,-41.522,-3.71,58.54,1,29.19,N
ATOM,1224,CA,TYR,A,160,-40.896,-3.576,59.856,1,28.4,C
ATOM,1225,C,TYR,A,160,-39.37,-3.614,59.744,1,27.06,C
ATOM,1226,O,TYR,A,160,-38.684,-2.826,60.379,1,24.94,O
ATOM,1227,CB,TYR,A,160,-41.381,-4.664,60.82,1,28.25,C
ATOM,1228,CG,TYR,A,160,-40.53,-4.733,62.067,1,30.43,C
ATOM,1229,CD1,TYR,A,160,-40.759,-3.869,63.136,1,30.26,C
ATOM,1230,CD2,TYR,A,160,-39.467,-5.63,62.158,1,26.67,C
ATOM,1231,CE1,TYR,A,160,-39.955,-3.907,64.275,1,32.87,C
ATOM,1232,CE2,TYR,A,160,-38.662,-5.678,63.276,1,26.35,C
ATOM,1233,CZ,TYR,A,160,-38.911,-4.815,64.343,1,30.35,C
ATOM,1234,OH,TYR,A,160,-38.112,-4.864,65.476,1,29.11,O
ATOM,1235,N,TRP,A,161,-38.832,-4.531,58.941,1,23.71,N
ATOM,1236,CA,TRP,A,161,-37.386,-4.735,58.891,1,25.28,C
ATOM,1237,C,TRP,A,161,-36.676,-3.682,58.028,1,26.48,C
ATOM,1238,O,TRP,A,161,-35.477,-3.46,58.186,1,23.68,O
ATOM,1239,CB,TRP,A,161,-37.056,-6.148,58.353,1,22.2,C
ATOM,1240,CG,TRP,A,161,-37.136,-7.208,59.432,1,20.65,C
ATOM,1241,CD1,TRP,A,161,-38.194,-8.02,59.714,1,22.25,C
ATOM,1242,CD2,TRP,A,161,-36.126,-7.513,60.393,1,22.47,C
ATOM,1243,NE1,TRP,A,161,-37.883,-8.858,60.77,1,24.29,N
ATOM,1244,CE2,TRP,A,161,-36.614,-8.563,61.199,1,26.18,C
ATOM,1245,CE3,TRP,A,161,-34.823,-7.028,60.619,1,25.27,C
ATOM,1246,CZ2,TRP,A,161,-35.864,-9.116,62.242,1,25.7,C
ATOM,1247,CZ3,TRP,A,161,-34.085,-7.578,61.639,1,24.13,C
ATOM,1248,CH2,TRP,A,161,-34.611,-8.605,62.451,1,25.5,C
ATOM,1313,N,CYS,A,170,-26.174,0.007,54.75,1,21.95,N
ATOM,1314,CA,CYS,A,170,-24.997,0.212,53.915,1,21.44,C
ATOM,1315,C,CYS,A,170,-25.154,1.254,52.815,1,23.31,C
ATOM,1316,O,CYS,A,170,-24.198,1.935,52.464,1,22.72,O
ATOM,1317,CB,CYS,A,170,-24.591,-1.106,53.229,1,21.31,C
ATOM,1318,SG,CYS,A,170,-24.057,-2.394,54.354,1,23.89,S
ATOM,1335,N,TYR,A,173,-23.593,5.102,52.424,1,22.64,N
ATOM,1336,CA,TYR,A,173,-22.17,5.444,52.304,1,23.88,C
ATOM,1337,C,TYR,A,173,-21.67,5.449,50.865,1,24.84,C
ATOM,1338,O,TYR,A,173,-20.468,5.513,50.619,1,27.25,O
ATOM,1339,CB,TYR,A,173,-21.338,4.499,53.176,1,21.15,C
ATOM,1340,CG,TYR,A,173,-21.819,4.705,54.594,1,26.58,C
ATOM,1341,CD1,TYR,A,173,-21.448,5.845,55.31,1,25.38,C
ATOM,1342,CD2,TYR,A,173,-22.723,3.832,55.178,1,22.25,C
ATOM,1343,CE1,TYR,A,173,-21.942,6.085,56.625,1,27.21,C
ATOM,1344,CE2,TYR,A,173,-23.222,4.073,56.45,1,22.77,C
ATOM,1345,CZ,TYR,A,173,-22.823,5.185,57.172,1,26.04,C
ATOM,1346,OH,TYR,A,173,-23.353,5.396,58.431,1,25.04,O
ATOM,1409,N,MET,A,182,-24.455,-0.408,39.856,1,23.09,N
ATOM,1410,CA,MET,A,182,-24.206,-1.78,40.315,1,19.9,C
ATOM,1411,C,MET,A,182,-25.471,-2.631,40.297,1,20.07,C
ATOM,1412,O,MET,A,182,-25.418,-3.832,39.983,1,23.31,O
ATOM,1413,CB,MET,A,182,-23.639,-1.783,41.771,1,21,C
ATOM,1414,CG,MET,A,182,-22.371,-0.931,41.988,1,20.29,C
ATOM,1415,SD,MET,A,182,-21.662,-1.258,43.647,1,26.21,S
ATOM,1416,CE,MET,A,182,-20.761,-2.816,43.34,1,21.65,C
ATOM,1417,N,TYR,A,183,-26.6,-2.035,40.685,1,21.06,N
ATOM,1418,CA,TYR,A,183,-27.83,-2.819,40.895,1,21.12,C
ATOM,1419,C,TYR,A,183,-28.355,-3.382,39.568,1,23.09,C
ATOM,1420,O,TYR,A,183,-29.159,-4.313,39.538,1,23.42,O
ATOM,1421,CB,TYR,A,183,-28.914,-1.964,41.561,1,22.87,C
ATOM,1422,CG,TYR,A,183,-28.686,-1.689,43.048,1,27.64,C
ATOM,1423,CD1,TYR,A,183,-27.475,-1.988,43.662,1,22.46,C
ATOM,1424,CD2,TYR,A,183,-29.695,-1.136,43.839,1,23.93,C
ATOM,1425,CE1,TYR,A,183,-27.273,-1.72,45.015,1,21.43,C
ATOM,1426,CE2,TYR,A,183,-29.488,-0.877,45.218,1,23.28,C
ATOM,1427,CZ,TYR,A,183,-28.274,-1.165,45.778,1,20.54,C
ATOM,1428,OH,TYR,A,183,-28.07,-0.931,47.134,1,20.72,O
ATOM,1457,N,MET,A,188,-21.151,-4.599,36.884,1,20.3,N
ATOM,1458,CA,MET,A,188,-20.748,-5.011,38.23,1,23.22,C
ATOM,1459,C,MET,A,188,-21.836,-5.865,38.822,1,22.01,C
ATOM,1460,O,MET,A,188,-23.014,-5.585,38.626,1,23.47,O
ATOM,1461,CB,MET,A,188,-20.503,-3.799,39.172,1,20.33,C
ATOM,1462,CG,MET,A,188,-19.417,-2.833,38.669,1,23.31,C
ATOM,1463,SD,MET,A,188,-19.46,-1.283,39.587,1,27.39,S
ATOM,1464,CE,MET,A,188,-20.798,-0.418,38.726,1,24.72,C
ATOM,1518,N,TYR,A,197,-27.117,-12.172,49.115,1,21.4,N
ATOM,1519,CA,TYR,A,197,-26.363,-13.375,48.73,1,21.94,C
ATOM,1520,C,TYR,A,197,-25.066,-13.399,49.553,1,22.08,C
ATOM,1521,O,TYR,A,197,-24.598,-12.351,49.992,1,25.35,O
ATOM,1522,CB,TYR,A,197,-26.096,-13.381,47.204,1,20.16,C
ATOM,1523,CG,TYR,A,197,-25.442,-14.638,46.729,1,20.34,C
ATOM,1524,CD1,TYR,A,197,-26.191,-15.799,46.523,1,18.4,C
ATOM,1525,CD2,TYR,A,197,-24.086,-14.67,46.475,1,21.99,C
ATOM,1526,CE1,TYR,A,197,-25.586,-16.973,46.054,1,22.4,C
ATOM,1527,CE2,TYR,A,197,-23.468,-15.839,46.029,1,24.53,C
ATOM,1528,CZ,TYR,A,197,-24.221,-16.982,45.829,1,21.42,C
ATOM,1529,OH,TYR,A,197,-23.594,-18.13,45.422,1,22.72,O
ATOM,1573,N,TYR,A,204,-16.735,-27.076,60.71,1,20.94,N
ATOM,1574,CA,TYR,A,204,-17.335,-28.362,61.045,1,18.86,C
ATOM,1575,C,TYR,A,204,-16.494,-29.165,61.987,1,23.23,C
ATOM,1576,O,TYR,A,204,-17.015,-29.886,62.817,1,23.23,O
ATOM,1577,CB,TYR,A,204,-17.528,-29.198,59.779,1,20.77,C
ATOM,1578,CG,TYR,A,204,-18.576,-28.684,58.816,1,20.56,C
ATOM,1579,CD1,TYR,A,204,-19.916,-28.809,59.111,1,18.1,C
ATOM,1580,CD2,TYR,A,204,-18.209,-28.123,57.589,1,22.34,C
ATOM,1581,CE1,TYR,A,204,-20.877,-28.415,58.221,1,23.11,C
ATOM,1582,CE2,TYR,A,204,-19.152,-27.721,56.689,1,18.97,C
ATOM,1583,CZ,TYR,A,204,-20.491,-27.866,57.016,1,21.76,C
ATOM,1584,OH,TYR,A,204,-21.469,-27.445,56.146,1,25.27,O
ATOM,1785,N,MET,A,230,-13.262,-7.857,85.871,1,25.03,N
ATOM,1786,CA,MET,A,230,-13.841,-6.532,85.974,1,26.3,C
ATOM,1787,C,MET,A,230,-14.025,-6.108,87.44,1,27.44,C
ATOM,1788,O,MET,A,230,-14.136,-4.922,87.752,1,26.29,O
ATOM,1789,CB,MET,A,230,-15.164,-6.505,85.212,1,20.93,C
ATOM,1790,CG,MET,A,230,-14.988,-6.509,83.647,1,23.85,C
ATOM,1791,SD,MET,A,230,-16.587,-6.242,82.879,1,28.72,S
ATOM,1792,CE,MET,A,230,-16.83,-4.473,83.198,1,30.14,C
ATOM,1824,N,TRP,A,235,-8.893,-1.521,89.312,1,21.18,N
ATOM,1825,CA,TRP,A,235,-9.449,-1.386,87.956,1,20.68,C
ATOM,1826,C,TRP,A,235,-8.538,-0.565,87.041,1,22.18,C
ATOM,1827,O,TRP,A,235,-7.887,0.407,87.481,1,22.87,O
ATOM,1828,CB,TRP,A,235,-10.84,-0.725,88.055,1,22.69,C
ATOM,1829,CG,TRP,A,235,-11.468,-0.21,86.774,1,21.79,C
ATOM,1830,CD1,TRP,A,235,-11.454,1.094,86.286,1,19.09,C
ATOM,1831,CD2,TRP,A,235,-12.283,-0.969,85.875,1,23.97,C
ATOM,1832,NE1,TRP,A,235,-12.184,1.16,85.102,1,20.25,N
ATOM,1833,CE2,TRP,A,235,-12.71,-0.085,84.838,1,20.11,C
ATOM,1834,CE3,TRP,A,235,-12.691,-2.316,85.839,1,21.49,C
ATOM,1835,CZ2,TRP,A,235,-13.512,-0.509,83.788,1,20.15,C
ATOM,1836,CZ3,TRP,A,235,-13.508,-2.725,84.808,1,23.21,C
ATOM,1837,CH2,TRP,A,235,-13.895,-1.828,83.775,1,24.01,C
ATOM,1940,N,TRP,A,250,-19.81,-13.913,74.052,1,20.34,N
ATOM,1941,CA,TRP,A,250,-19.886,-15.225,74.737,1,20.52,C
ATOM,1942,C,TRP,A,250,-21.295,-15.554,75.22,1,24.25,C
ATOM,1943,O,TRP,A,250,-21.763,-16.683,75.035,1,24.56,O
ATOM,1944,CB,TRP,A,250,-18.902,-15.282,75.924,1,20.9,C
ATOM,1945,CG,TRP,A,250,-17.451,-15.429,75.506,1,23.7,C
ATOM,1946,CD1,TRP,A,250,-16.959,-16.169,74.47,1,23.39,C
ATOM,1947,CD2,TRP,A,250,-16.329,-14.767,76.097,1,23.97,C
ATOM,1948,NE1,TRP,A,250,-15.587,-16.045,74.408,1,23.37,N
ATOM,1949,CE2,TRP,A,250,-15.18,-15.179,75.388,1,21.45,C
ATOM,1950,CE3,TRP,A,250,-16.182,-13.896,77.193,1,23.13,C
ATOM,1951,CZ2,TRP,A,250,-13.895,-14.727,75.717,1,23.2,C
ATOM,1952,CZ3,TRP,A,250,-14.904,-13.445,77.523,1,20.98,C
ATOM,1953,CH2,TRP,A,250,-13.782,-13.866,76.806,1,25.3,C
ATOM,1968,N,MET,A,253,-23.121,-16.627,72.256,1,20.57,N
ATOM,1969,CA,MET,A,253,-22.741,-17.978,71.828,1,23.49,C
ATOM,1970,C,MET,A,253,-23.505,-19.035,72.625,1,23.5,C
ATOM,1971,O,MET,A,253,-23.976,-20.03,72.055,1,21.61,O
ATOM,1972,CB,MET,A,253,-21.227,-18.217,71.982,1,21.7,C
ATOM,1973,CG,MET,A,253,-20.349,-17.352,71.072,1,19.79,C
ATOM,1974,SD,MET,A,253,-18.638,-17.715,71.497,1,25.23,S
ATOM,1975,CE,MET,A,253,-17.836,-16.354,70.693,1,24.4,C
ATOM,1996,N,CYS,A,257,-25.936,-21.817,70.97,1,23.59,N
ATOM,1997,CA,CYS,A,257,-25.629,-23.239,71.071,1,20.78,C
ATOM,1998,C,CYS,A,257,-26.687,-24.032,71.818,1,22.88,C
ATOM,1999,O,CYS,A,257,-27.031,-25.146,71.403,1,22.06,O
ATOM,2000,CB,CYS,A,257,-24.283,-23.42,71.749,1,23.75,C
ATOM,2001,SG,CYS,A,257,-22.921,-23.06,70.634,1,25.6,S
ATOM,2037,N,TRP,A,263,-33.072,-27.801,69.477,1,21.03,N
ATOM,2038,CA,TRP,A,263,-33.7,-28.026,68.187,1,22.61,C
ATOM,2039,C,TRP,A,263,-33.351,-29.433,67.622,1,22.02,C
ATOM,2040,O,TRP,A,263,-34.214,-30.134,67.124,1,22.46,O
ATOM,2041,CB,TRP,A,263,-33.267,-26.889,67.256,1,21.66,C
ATOM,2042,CG,TRP,A,263,-33.46,-27.009,65.744,1,20.85,C
ATOM,2043,CD1,TRP,A,263,-34.578,-26.695,65.027,1,21.68,C
ATOM,2044,CD2,TRP,A,263,-32.441,-27.291,64.788,1,20.17,C
ATOM,2045,NE1,TRP,A,263,-34.329,-26.805,63.677,1,20.45,N
ATOM,2046,CE2,TRP,A,263,-33.019,-27.163,63.506,1,20.87,C
ATOM,2047,CE3,TRP,A,263,-31.088,-27.632,64.891,1,25.68,C
ATOM,2048,CZ2,TRP,A,263,-32.296,-27.38,62.327,1,21.49,C
ATOM,2049,CZ3,TRP,A,263,-30.364,-27.855,63.707,1,20.75,C
ATOM,2050,CH2,TRP,A,263,-30.974,-27.711,62.446,1,21.93,C
ATOM,2110,N,CYS,A,271,-38.694,-38.135,65.434,1,24.69,N
ATOM,2111,CA,CYS,A,271,-38.424,-39.523,65.006,1,24.5,C
ATOM,2112,C,CYS,A,271,-39.036,-40.551,65.981,1,29.36,C
ATOM,2113,O,CYS,A,271,-39.657,-41.549,65.562,1,29.55,O
ATOM,2114,CB,CYS,A,271,-36.913,-39.775,64.878,1,23.17,C
ATOM,2115,SG,CYS,A,271,-36.112,-38.889,63.504,1,36.68,S
ATOM,2301,N,CYS,A,295,-29.754,-38.075,67.276,1,26.92,N
ATOM,2302,CA,CYS,A,295,-30.149,-36.675,67.428,1,26.03,C
ATOM,2303,C,CYS,A,295,-30.144,-36.196,68.893,1,31,C
ATOM,2304,O,CYS,A,295,-29.956,-34.996,69.193,1,28.45,O
ATOM,2305,CB,CYS,A,295,-31.535,-36.468,66.846,1,24.47,C
ATOM,2306,SG,CYS,A,295,-31.583,-36.479,65.041,1,26.44,S
ATOM,2374,N,CYS,A,303,-18.906,-36.47,68.263,1,22.76,N
ATOM,2375,CA,CYS,A,303,-19.278,-37.597,67.411,1,24.82,C
ATOM,2376,C,CYS,A,303,-18.403,-38.811,67.701,1,26.93,C
ATOM,2377,O,CYS,A,303,-17.199,-38.666,67.919,1,24.67,O
ATOM,2378,CB,CYS,A,303,-19.135,-37.225,65.93,1,23.23,C
ATOM,2379,SG,CYS,A,303,-20.438,-36.1,65.388,1,26.04,S
ATOM,2423,N,MET,A,310,-22.153,-37.593,60.099,1,25.63,N
ATOM,2424,CA,MET,A,310,-22.951,-37.153,58.965,1,22.87,C
ATOM,2425,C,MET,A,310,-24.12,-36.31,59.439,1,27.59,C
ATOM,2426,O,MET,A,310,-24.46,-35.295,58.828,1,24.41,O
ATOM,2427,CB,MET,A,310,-23.461,-38.338,58.106,1,24.52,C
ATOM,2428,CG,MET,A,310,-22.366,-39.015,57.253,1,31.5,C
ATOM,2429,SD,MET,A,310,-21.844,-38.176,55.739,1,50.95,S
ATOM,2430,CE,MET,A,310,-23.175,-37.001,55.608,1,30.56,C
ATOM,2510,N,CYS,A,320,-25.658,-22.793,59.623,1,21.8,N
ATOM,2511,CA,CYS,A,320,-24.713,-21.858,58.98,1,21.83,C
ATOM,2512,C,CYS,A,320,-25.1,-21.36,57.593,1,23.84,C
ATOM,2513,O,CYS,A,320,-24.66,-20.251,57.176,1,22.14,O
ATOM,2514,CB,CYS,A,320,-23.328,-22.51,58.852,1,20.96,C
ATOM,2515,SG,CYS,A,320,-22.615,-22.871,60.495,1,24.83,S
ATOM,2559,N,TYR,A,326,-28.579,-16.689,55.543,1,18.12,N
ATOM,2560,CA,TYR,A,326,-28.414,-17.311,54.251,1,22.36,C
ATOM,2561,C,TYR,A,326,-26.931,-17.304,53.874,1,21.41,C
ATOM,2562,O,TYR,A,326,-26.262,-16.266,53.943,1,20.12,O
ATOM,2563,CB,TYR,A,326,-29.221,-16.605,53.143,1,20.8,C
ATOM,2564,CG,TYR,A,326,-28.818,-17.182,51.79,1,23.28,C
ATOM,2565,CD1,TYR,A,326,-29.288,-18.435,51.385,1,21.77,C
ATOM,2566,CD2,TYR,A,326,-27.903,-16.524,50.966,1,21.41,C
ATOM,2567,CE1,TYR,A,326,-28.883,-19.001,50.181,1,23.1,C
ATOM,2568,CE2,TYR,A,326,-27.491,-17.099,49.737,1,22.75,C
ATOM,2569,CZ,TYR,A,326,-28,-18.326,49.369,1,22.95,C
ATOM,2570,OH,TYR,A,326,-27.591,-18.905,48.207,1,20.49,O
ATOM,2586,N,TYR,A,330,-21.341,-25.096,50.095,1,22.08,N
ATOM,2587,CA,TYR,A,330,-21.264,-26.329,50.856,1,22.31,C
ATOM,2588,C,TYR,A,330,-19.798,-26.637,51.178,1,21.34,C
ATOM,2589,O,TYR,A,330,-19.387,-27.801,51.299,1,22.53,O
ATOM,2590,CB,TYR,A,330,-21.878,-27.471,50.046,1,19.59,C
ATOM,2591,CG,TYR,A,330,-22.309,-28.65,50.856,1,24.48,C
ATOM,2592,CD1,TYR,A,330,-23.168,-28.503,51.943,1,24.07,C
ATOM,2593,CD2,TYR,A,330,-21.916,-29.945,50.493,1,24.16,C
ATOM,2594,CE1,TYR,A,330,-23.571,-29.629,52.687,1,25.76,C
ATOM,2595,CE2,TYR,A,330,-22.316,-31.064,51.232,1,24.59,C
ATOM,2596,CZ,TYR,A,330,-23.153,-30.908,52.293,1,28.59,C
ATOM,2597,OH,TYR,A,330,-23.548,-32.058,52.987,1,29.51,O
ATOM,2661,N,TRP,A,339,-12.967,-38.667,57.637,1,25.88,N
ATOM,2662,CA,TRP,A,339,-12.054,-39.812,57.768,1,25.69,C
ATOM,2663,C,TRP,A,339,-11.979,-40.428,59.185,1,27.24,C
ATOM,2664,O,TRP,A,339,-12.064,-41.643,59.301,1,27.44,O
ATOM,2665,CB,TRP,A,339,-10.623,-39.468,57.316,1,26.55,C
ATOM,2666,CG,TRP,A,339,-9.715,-40.589,57.701,1,27.3,C
ATOM,2667,CD1,TRP,A,339,-8.815,-40.595,58.728,1,32.35,C
ATOM,2668,CD2,TRP,A,339,-9.685,-41.905,57.134,1,29.95,C
ATOM,2669,NE1,TRP,A,339,-8.2,-41.824,58.817,1,32.84,N
ATOM,2670,CE2,TRP,A,339,-8.717,-42.651,57.855,1,34.67,C
ATOM,2671,CE3,TRP,A,339,-10.361,-42.524,56.068,1,29.17,C
ATOM,2672,CZ2,TRP,A,339,-8.407,-43.996,57.548,1,32.05,C
ATOM,2673,CZ3,TRP,A,339,-10.057,-43.871,55.763,1,33.23,C
ATOM,2674,CH2,TRP,A,339,-9.084,-44.585,56.512,1,31.64,C
ATOM,2682,N,TYR,A,341,-14.095,-40.678,61.413,1,22.21,N
ATOM,2683,CA,TYR,A,341,-15.346,-41.308,61.789,1,23.68,C
ATOM,2684,C,TYR,A,341,-15.628,-42.547,60.914,1,28.28,C
ATOM,2685,O,TYR,A,341,-16.136,-43.56,61.403,1,29.13,O
ATOM,2686,CB,TYR,A,341,-16.446,-40.24,61.724,1,22.46,C
ATOM,2687,CG,TYR,A,341,-16.01,-39.051,62.583,1,26.08,C
ATOM,2688,CD1,TYR,A,341,-16.13,-39.08,63.982,1,25.52,C
ATOM,2689,CD2,TYR,A,341,-15.401,-37.945,61.999,1,26.35,C
ATOM,2690,CE1,TYR,A,341,-15.694,-37.982,64.763,1,29.64,C
ATOM,2691,CE2,TYR,A,341,-14.971,-36.856,62.754,1,25.78,C
ATOM,2692,CZ,TYR,A,341,-15.113,-36.891,64.136,1,29.54,C
ATOM,2693,OH,TYR,A,341,-14.654,-35.819,64.861,1,34.08,O
ATOM,2694,N,TYR,A,342,-15.268,-42.46,59.636,1,25.11,N
ATOM,2695,CA,TYR,A,342,-15.259,-43.606,58.734,1,27.72,C
ATOM,2696,C,TYR,A,342,-14.378,-44.683,59.347,1,27.43,C
ATOM,2697,O,TYR,A,342,-14.735,-45.855,59.417,1,26.77,O
ATOM,2698,CB,TYR,A,342,-14.734,-43.185,57.337,1,24.47,C
ATOM,2699,CG,TYR,A,342,-14.541,-44.328,56.359,1,25.74,C
ATOM,2700,CD1,TYR,A,342,-13.369,-45.083,56.362,1,28.3,C
ATOM,2701,CD2,TYR,A,342,-15.526,-44.65,55.427,1,24.51,C
ATOM,2702,CE1,TYR,A,342,-13.191,-46.148,55.452,1,28.32,C
ATOM,2703,CE2,TYR,A,342,-15.359,-45.698,54.519,1,26.44,C
ATOM,2704,CZ,TYR,A,342,-14.197,-46.447,54.548,1,26.96,C
ATOM,2705,OH,TYR,A,342,-14.03,-47.477,53.653,1,27.24,O
ATOM,2793,N,MET,A,354,-20.077,-50.445,60.386,1,26.38,N
ATOM,2794,CA,MET,A,354,-20.624,-50.273,59.051,1,28.04,C
ATOM,2795,C,MET,A,354,-19.698,-50.856,57.991,1,27.78,C
ATOM,2796,O,MET,A,354,-18.487,-50.866,58.161,1,25.67,O
ATOM,2797,CB,MET,A,354,-20.819,-48.767,58.701,1,29.93,C
ATOM,2798,CG,MET,A,354,-21.88,-48,59.443,1,34.16,C
ATOM,2799,SD,MET,A,354,-21.726,-46.187,59.135,1,36.12,S
ATOM,2800,CE,MET,A,354,-22.132,-46.147,57.424,1,29.29,C
ATOM,2817,N,MET,A,357,-19.792,-50.176,51.823,1,24.56,N
ATOM,2818,CA,MET,A,357,-20.987,-49.888,51.045,1,26.26,C
ATOM,2819,C,MET,A,357,-22.045,-49.177,51.899,1,25.22,C
ATOM,2820,O,MET,A,357,-22.821,-48.374,51.374,1,24.49,O
ATOM,2821,CB,MET,A,357,-21.548,-51.16,50.402,1,28.79,C
ATOM,2822,CG,MET,A,357,-20.731,-51.596,49.157,1,32.8,C
ATOM,2823,SD,MET,A,357,-20.445,-50.278,47.916,1,36.43,S
ATOM,2824,CE,MET,A,357,-22.13,-49.854,47.485,1,25.41,C
ATOM,2878,N,MET,A,365,-27.376,-40.582,50.559,1,21.57,N
ATOM,2879,CA,MET,A,365,-28.478,-39.908,51.267,1,26.6,C
ATOM,2880,C,MET,A,365,-28.19,-38.427,51.512,1,23.58,C
ATOM,2881,O,MET,A,365,-29.078,-37.577,51.358,1,21.98,O
ATOM,2882,CB,MET,A,365,-28.787,-40.616,52.596,1,21.43,C
ATOM,2883,CG,MET,A,365,-29.598,-41.915,52.325,1,24.88,C
ATOM,2884,SD,MET,A,365,-30.127,-42.637,53.914,1,30.08,S
ATOM,2885,CE,MET,A,365,-28.638,-43.511,54.368,1,25.35,C
ATOM,3000,N,TYR,A,381,-30.065,-14.319,41.916,1,20.99,N
ATOM,3001,CA,TYR,A,381,-29.409,-15.599,42.234,1,21.64,C
ATOM,3002,C,TYR,A,381,-30.342,-16.782,41.955,1,22,C
ATOM,3003,O,TYR,A,381,-29.948,-17.937,42.09,1,26.41,O
ATOM,3004,CB,TYR,A,381,-28.862,-15.562,43.703,1,23.03,C
ATOM,3005,CG,TYR,A,381,-27.849,-14.433,43.744,1,24.38,C
ATOM,3006,CD1,TYR,A,381,-26.575,-14.624,43.235,1,24.95,C
ATOM,3007,CD2,TYR,A,381,-28.228,-13.128,44.115,1,23.34,C
ATOM,3008,CE1,TYR,A,381,-25.656,-13.569,43.161,1,24.92,C
ATOM,3009,CE2,TYR,A,381,-27.318,-12.063,44.043,1,20.53,C
ATOM,3010,CZ,TYR,A,381,-26.028,-12.301,43.579,1,26.64,C
ATOM,3011,OH,TYR,A,381,-25.103,-11.262,43.474,1,27.52,O
ATOM,3204,N,CYS,A,407,-5.8,-38.53,49.874,1,25.54,N
ATOM,3205,CA,CYS,A,407,-6.846,-39.455,49.431,1,28.18,C
ATOM,3206,C,CYS,A,407,-6.942,-40.665,50.344,1,29.69,C
ATOM,3207,O,CYS,A,407,-5.931,-41.148,50.841,1,28.66,O
ATOM,3208,CB,CYS,A,407,-6.574,-39.941,47.996,1,23.84,C
ATOM,3209,SG,CYS,A,407,-6.712,-38.617,46.807,1,29.48,S
ATOM,3226,N,MET,A,410,-12.496,-42.962,52.364,1,23.67,N
ATOM,3227,CA,MET,A,410,-13.65,-42.083,52.472,1,21.59,C
ATOM,3228,C,MET,A,410,-13.761,-41.227,51.194,1,22.82,C
ATOM,3229,O,MET,A,410,-14.861,-41.033,50.683,1,25.25,O
ATOM,3230,CB,MET,A,410,-13.574,-41.191,53.726,1,26.11,C
ATOM,3231,CG,MET,A,410,-14.811,-40.27,53.922,1,27.17,C
ATOM,3232,SD,MET,A,410,-16.289,-41.266,54.232,1,30.08,S
ATOM,3233,CE,MET,A,410,-17.606,-40.407,53.437,1,27.46,C
ATOM,3399,N,TYR,A,432,-5.712,-31.794,42.891,1,26.59,N
ATOM,3400,CA,TYR,A,432,-4.797,-32.751,42.243,1,25.42,C
ATOM,3401,C,TYR,A,432,-3.327,-32.454,42.542,1,24.57,C
ATOM,3402,O,TYR,A,432,-2.824,-31.33,42.349,1,23.94,O
ATOM,3403,CB,TYR,A,432,-5.007,-32.785,40.738,1,25.08,C
ATOM,3404,CG,TYR,A,432,-3.969,-33.671,40.051,1,26.89,C
ATOM,3405,CD1,TYR,A,432,-4.15,-35.06,39.968,1,24.77,C
ATOM,3406,CD2,TYR,A,432,-2.787,-33.127,39.549,1,26.51,C
ATOM,3407,CE1,TYR,A,432,-3.192,-35.877,39.369,1,27.72,C
ATOM,3408,CE2,TYR,A,432,-1.827,-33.934,38.954,1,27.15,C
ATOM,3409,CZ,TYR,A,432,-2.042,-35.303,38.846,1,30.91,C
ATOM,3410,OH,TYR,A,432,-1.083,-36.092,38.243,1,30.08,O
ATOM,3498,N,TRP,A,443,-11.54,-43.325,40.386,1,24.15,N
ATOM,3499,CA,TRP,A,443,-12.887,-42.94,40.794,1,22.71,C
ATOM,3500,C,TRP,A,443,-13.241,-41.525,40.33,1,26.86,C
ATOM,3501,O,TRP,A,443,-14.378,-41.266,39.957,1,26.33,O
ATOM,3502,CB,TRP,A,443,-13.067,-43.012,42.31,1,25.68,C
ATOM,3503,CG,TRP,A,443,-13.443,-44.394,42.829,1,29.18,C
ATOM,3504,CD1,TRP,A,443,-12.693,-45.198,43.65,1,26.08,C
ATOM,3505,CD2,TRP,A,443,-14.651,-45.112,42.547,1,25.77,C
ATOM,3506,NE1,TRP,A,443,-13.367,-46.379,43.89,1,29.18,N
ATOM,3507,CE2,TRP,A,443,-14.563,-46.358,43.214,1,26.92,C
ATOM,3508,CE3,TRP,A,443,-15.786,-44.836,41.765,1,28.58,C
ATOM,3509,CZ2,TRP,A,443,-15.58,-47.324,43.148,1,25.49,C
ATOM,3510,CZ3,TRP,A,443,-16.802,-45.791,41.704,1,29.64,C
ATOM,3511,CH2,TRP,A,443,-16.691,-47.024,42.405,1,29.16,C
ATOM,3539,N,CYS,A,447,-16.523,-40.641,37.529,1,27.95,N
ATOM,3540,CA,CYS,A,447,-17.504,-39.56,37.534,1,23.58,C
ATOM,3541,C,CYS,A,447,-17.444,-38.709,36.272,1,22.41,C
ATOM,3542,O,CYS,A,447,-18.466,-38.353,35.654,1,23.97,O
ATOM,3543,CB,CYS,A,447,-17.285,-38.649,38.752,1,21.09,C
ATOM,3544,SG,CYS,A,447,-17.74,-39.448,40.276,1,24.51,S
ATOM,3588,N,TYR,A,454,-18.199,-33.156,37.235,1,23.42,N
ATOM,3589,CA,TYR,A,454,-17.321,-33.042,38.41,1,20.77,C
ATOM,3590,C,TYR,A,454,-16.76,-34.46,38.693,1,22.4,C
ATOM,3591,O,TYR,A,454,-17.281,-35.435,38.158,1,21.79,O
ATOM,3592,CB,TYR,A,454,-18.081,-32.425,39.626,1,19.36,C
ATOM,3593,CG,TYR,A,454,-19.373,-33.161,39.936,1,21.91,C
ATOM,3594,CD1,TYR,A,454,-19.353,-34.379,40.611,1,25.84,C
ATOM,3595,CD2,TYR,A,454,-20.6,-32.649,39.549,1,25.03,C
ATOM,3596,CE1,TYR,A,454,-20.52,-35.103,40.841,1,26.19,C
ATOM,3597,CE2,TYR,A,454,-21.786,-33.341,39.819,1,23.71,C
ATOM,3598,CZ,TYR,A,454,-21.73,-34.572,40.445,1,26.65,C
ATOM,3599,OH,TYR,A,454,-22.889,-35.281,40.684,1,26.31,O
ATOM,3694,N,MET,A,467,-2.331,-19.998,49.897,1,25.24,N
ATOM,3695,CA,MET,A,467,-2.684,-19.893,51.318,1,27.02,C
ATOM,3696,C,MET,A,467,-1.516,-19.343,52.136,1,28.98,C
ATOM,3697,O,MET,A,467,-1.72,-18.531,53.066,1,24.81,O
ATOM,3698,CB,MET,A,467,-3.132,-21.253,51.876,1,24.16,C
ATOM,3699,CG,MET,A,467,-4.465,-21.808,51.252,1,21.38,C
ATOM,3700,SD,MET,A,467,-5.921,-20.722,51.526,1,24.76,S
ATOM,3701,CE,MET,A,467,-5.87,-19.644,50.078,1,20.87,C
ATOM,3720,N,TYR,A,470,-1.199,-15.444,51.348,1,24.12,N
ATOM,3721,CA,TYR,A,470,-2.19,-14.604,52.014,1,23.24,C
ATOM,3722,C,TYR,A,470,-1.935,-14.529,53.525,1,22.08,C
ATOM,3723,O,TYR,A,470,-2.197,-13.506,54.152,1,23.99,O
ATOM,3724,CB,TYR,A,470,-3.612,-15.114,51.746,1,21.98,C
ATOM,3725,CG,TYR,A,470,-4.253,-14.541,50.481,1,22.49,C
ATOM,3726,CD1,TYR,A,470,-4.985,-13.359,50.519,1,24.39,C
ATOM,3727,CD2,TYR,A,470,-4.106,-15.177,49.243,1,26.29,C
ATOM,3728,CE1,TYR,A,470,-5.587,-12.84,49.336,1,25.23,C
ATOM,3729,CE2,TYR,A,470,-4.693,-14.674,48.074,1,24.77,C
ATOM,3730,CZ,TYR,A,470,-5.436,-13.495,48.133,1,26.34,C
ATOM,3731,OH,TYR,A,470,-6.033,-12.954,46.994,1,24.7,O
ATOM,3856,N,TRP,A,488,-7.035,-26.707,52.645,1,20.14,N
ATOM,3857,CA,TRP,A,488,-7.887,-25.771,51.927,1,19.02,C
ATOM,3858,C,TRP,A,488,-8.963,-26.426,51.074,1,23.23,C
ATOM,3859,O,TRP,A,488,-8.84,-27.583,50.669,1,24.13,O
ATOM,3860,CB,TRP,A,488,-7.045,-24.848,51.055,1,21.17,C
ATOM,3861,CG,TRP,A,488,-6.238,-25.451,49.904,1,24.18,C
ATOM,3862,CD1,TRP,A,488,-4.918,-25.869,49.937,1,21.71,C
ATOM,3863,CD2,TRP,A,488,-6.656,-25.571,48.538,1,21.95,C
ATOM,3864,NE1,TRP,A,488,-4.509,-26.231,48.681,1,22.21,N
ATOM,3865,CE2,TRP,A,488,-5.56,-26.084,47.808,1,21.86,C
ATOM,3866,CE3,TRP,A,488,-7.854,-25.302,47.86,1,21.29,C
ATOM,3867,CZ2,TRP,A,488,-5.628,-26.32,46.435,1,24.22,C
ATOM,3868,CZ3,TRP,A,488,-7.915,-25.543,46.484,1,20.4,C
ATOM,3869,CH2,TRP,A,488,-6.812,-26.036,45.791,1,22.17,C
ATOM,3900,N,CYS,A,493,-17.476,-21.879,43.888,1,22.95,N
ATOM,3901,CA,CYS,A,493,-17,-22.683,42.778,1,25,C
ATOM,3902,C,CYS,A,493,-15.483,-22.84,42.683,1,27.95,C
ATOM,3903,O,CYS,A,493,-15.021,-23.89,42.237,1,24.63,O
ATOM,3904,CB,CYS,A,493,-17.493,-22.111,41.433,1,24.35,C
ATOM,3905,SG,CYS,A,493,-19.266,-22.075,41.275,1,27.52,S
ATOM,3906,N,MET,A,494,-14.713,-21.793,43,1,18.99,N
ATOM,3907,CA,MET,A,494,-13.387,-21.714,42.415,1,20.19,C
ATOM,3908,C,MET,A,494,-12.249,-21.273,43.331,1,24.14,C
ATOM,3909,O,MET,A,494,-11.084,-21.596,43.078,1,22.23,O
ATOM,3910,CB,MET,A,494,-13.416,-20.744,41.205,1,18.72,C
ATOM,3911,CG,MET,A,494,-13.887,-21.314,39.862,1,24.16,C
ATOM,3912,SD,MET,A,494,-12.779,-22.645,39.294,1,24.63,S
ATOM,3913,CE,MET,A,494,-11.196,-21.82,39.215,1,23.33,C
ATOM,4167,N,TYR,A,529,-21.009,5.441,28.524,1,25.24,N
ATOM,4168,CA,TYR,A,529,-22.468,5.446,28.403,1,26.4,C
ATOM,4169,C,TYR,A,529,-22.986,4.099,27.879,1,26.52,C
ATOM,4170,O,TYR,A,529,-22.514,3.592,26.86,1,24.2,O
ATOM,4171,CB,TYR,A,529,-22.938,6.585,27.466,1,23.3,C
ATOM,4172,CG,TYR,A,529,-24.422,6.872,27.558,1,21.05,C
ATOM,4173,CD1,TYR,A,529,-24.934,7.757,28.503,1,26.67,C
ATOM,4174,CD2,TYR,A,529,-25.311,6.261,26.686,1,29.82,C
ATOM,4175,CE1,TYR,A,529,-26.302,8.006,28.584,1,26.62,C
ATOM,4176,CE2,TYR,A,529,-26.667,6.51,26.75,1,28.92,C
ATOM,4177,CZ,TYR,A,529,-27.155,7.375,27.697,1,27.99,C
ATOM,4178,OH,TYR,A,529,-28.512,7.597,27.727,1,31.44,O
ATOM,4187,N,TRP,A,531,-25.608,2.554,25.989,1,25.62,N
ATOM,4188,CA,TRP,A,531,-26.722,2.901,25.098,1,27.27,C
ATOM,4189,C,TRP,A,531,-27.618,1.7,24.865,1,30.82,C
ATOM,4190,O,TRP,A,531,-28.799,1.855,24.54,1,29.09,O
ATOM,4191,CB,TRP,A,531,-26.235,3.449,23.749,1,27.65,C
ATOM,4192,CG,TRP,A,531,-25.459,2.473,22.954,1,25.61,C
ATOM,4193,CD1,TRP,A,531,-24.111,2.328,22.959,1,30.55,C
ATOM,4194,CD2,TRP,A,531,-25.976,1.467,22.045,1,26.4,C
ATOM,4195,NE1,TRP,A,531,-23.745,1.289,22.108,1,29.49,N
ATOM,4196,CE2,TRP,A,531,-24.874,0.758,21.536,1,28.52,C
ATOM,4197,CE3,TRP,A,531,-27.262,1.107,21.611,1,24.75,C
ATOM,4198,CZ2,TRP,A,531,-25.012,-0.269,20.597,1,26.14,C
ATOM,4199,CZ3,TRP,A,531,-27.393,0.062,20.704,1,25.83,C
ATOM,4200,CH2,TRP,A,531,-26.281,-0.609,20.215,1,27.45,C
ATOM,4207,N,TYR,A,533,-28.307,-1.369,26.85,1,26.4,N
ATOM,4208,CA,TYR,A,533,-29.183,-2.012,27.834,1,23.03,C
ATOM,4209,C,TYR,A,533,-29.955,-0.968,28.614,1,25.66,C
ATOM,4210,O,TYR,A,533,-31.174,-0.876,28.494,1,26.53,O
ATOM,4211,CB,TYR,A,533,-28.38,-2.933,28.781,1,21.48,C
ATOM,4212,CG,TYR,A,533,-29.226,-3.593,29.866,1,22.91,C
ATOM,4213,CD1,TYR,A,533,-30.323,-4.381,29.536,1,24.49,C
ATOM,4214,CD2,TYR,A,533,-28.926,-3.419,31.211,1,23.31,C
ATOM,4215,CE1,TYR,A,533,-31.09,-4.956,30.504,1,26.08,C
ATOM,4216,CE2,TYR,A,533,-29.694,-4.008,32.209,1,23.6,C
ATOM,4217,CZ,TYR,A,533,-30.771,-4.764,31.85,1,25.39,C
ATOM,4218,OH,TYR,A,533,-31.528,-5.357,32.816,1,23.56,O
ATOM,4232,N,MET,A,536,-28.159,4.843,29.82,1,28.77,N
ATOM,4233,CA,MET,A,536,-27.725,5.76,30.866,1,28.25,C
ATOM,4234,C,MET,A,536,-26.215,5.648,31.059,1,28.27,C
ATOM,4235,O,MET,A,536,-25.575,4.686,30.6,1,23.98,O
ATOM,4236,CB,MET,A,536,-28.443,5.48,32.196,1,28.63,C
ATOM,4237,CG,MET,A,536,-27.947,4.216,32.84,1,32.29,C
ATOM,4238,SD,MET,A,536,-28.59,3.997,34.511,1,43.97,S
ATOM,4239,CE,MET,A,536,-27.198,3.096,35.206,1,34.63,C
ATOM,4374,N,TRP,A,555,-7.083,0.978,25.379,1,23.45,N
ATOM,4375,CA,TRP,A,555,-6.623,0.218,26.54,1,26.4,C
ATOM,4376,C,TRP,A,555,-6.775,0.997,27.83,1,28.33,C
ATOM,4377,O,TRP,A,555,-7.233,0.449,28.867,1,24.93,O
ATOM,4378,CB,TRP,A,555,-5.167,-0.176,26.304,1,27.7,C
ATOM,4379,CG,TRP,A,555,-4.533,-1.201,27.203,1,25.74,C
ATOM,4380,CD1,TRP,A,555,-3.755,-0.941,28.305,1,30.77,C
ATOM,4381,CD2,TRP,A,555,-4.544,-2.631,27.053,1,26.56,C
ATOM,4382,NE1,TRP,A,555,-3.279,-2.11,28.836,1,30.5,N
ATOM,4383,CE2,TRP,A,555,-3.749,-3.166,28.104,1,26.18,C
ATOM,4384,CE3,TRP,A,555,-5.13,-3.517,26.134,1,29.61,C
ATOM,4385,CZ2,TRP,A,555,-3.542,-4.545,28.274,1,25.29,C
ATOM,4386,CZ3,TRP,A,555,-4.915,-4.902,26.304,1,26.22,C
ATOM,4387,CH2,TRP,A,555,-4.121,-5.392,27.36,1,26.47,C
ATOM,4442,N,TYR,A,562,-12.48,-0.074,34.502,1,21.4,N
ATOM,4443,CA,TYR,A,562,-12.231,-1.227,35.355,1,20.71,C
ATOM,4444,C,TYR,A,562,-11.85,-0.759,36.74,1,23.42,C
ATOM,4445,O,TYR,A,562,-12.348,-1.288,37.728,1,26.14,O
ATOM,4446,CB,TYR,A,562,-11.123,-2.1,34.743,1,18.26,C
ATOM,4447,CG,TYR,A,562,-10.915,-3.419,35.447,1,24.56,C
ATOM,4448,CD1,TYR,A,562,-11.833,-4.448,35.309,1,24.98,C
ATOM,4449,CD2,TYR,A,562,-9.801,-3.635,36.264,1,23.16,C
ATOM,4450,CE1,TYR,A,562,-11.638,-5.677,35.947,1,23.24,C
ATOM,4451,CE2,TYR,A,562,-9.599,-4.851,36.892,1,20.09,C
ATOM,4452,CZ,TYR,A,562,-10.528,-5.865,36.732,1,26.47,C
ATOM,4453,OH,TYR,A,562,-10.332,-7.082,37.347,1,25.71,O
ATOM,4463,N,TYR,A,564,-12.639,2.152,38.187,1,21.82,N
ATOM,4464,CA,TYR,A,564,-13.841,2.703,38.808,1,23.81,C
ATOM,4465,C,TYR,A,564,-14.739,1.58,39.328,1,23.05,C
ATOM,4466,O,TYR,A,564,-15.253,1.654,40.446,1,21.4,O
ATOM,4467,CB,TYR,A,564,-14.611,3.59,37.808,1,25.84,C
ATOM,4468,CG,TYR,A,564,-16.034,3.88,38.242,1,28.21,C
ATOM,4469,CD1,TYR,A,564,-17.062,3.022,37.875,1,27.33,C
ATOM,4470,CD2,TYR,A,564,-16.351,5.01,38.974,1,28.72,C
ATOM,4471,CE1,TYR,A,564,-18.355,3.256,38.237,1,29.78,C
ATOM,4472,CE2,TYR,A,564,-17.667,5.254,39.37,1,33.29,C
ATOM,4473,CZ,TYR,A,564,-18.662,4.349,38.995,1,32.59,C
ATOM,4474,OH,TYR,A,564,-19.997,4.516,39.34,1,37.09,O
ATOM,4504,N,CYS,A,569,-16.798,-2.349,43.777,1,20.06,N
ATOM,4505,CA,CYS,A,569,-16.972,-3.76,44.098,1,20.8,C
ATOM,4506,C,CYS,A,569,-16.347,-4.13,45.441,1,23.99,C
ATOM,4507,O,CYS,A,569,-16.962,-4.833,46.213,1,24.34,O
ATOM,4508,CB,CYS,A,569,-16.373,-4.653,43.013,1,21.39,C
ATOM,4509,SG,CYS,A,569,-17.35,-4.66,41.474,1,26.64,S
ATOM,4572,N,TYR,A,578,-18.317,-4.219,57.804,1,20.29,N
ATOM,4573,CA,TYR,A,578,-18.392,-3.298,58.921,1,21.98,C
ATOM,4574,C,TYR,A,578,-19.735,-3.434,59.645,1,21.88,C
ATOM,4575,O,TYR,A,578,-19.8,-3.519,60.889,1,19.83,O
ATOM,4576,CB,TYR,A,578,-18.183,-1.854,58.402,1,21.36,C
ATOM,4577,CG,TYR,A,578,-18.102,-0.767,59.451,1,20.73,C
ATOM,4578,CD1,TYR,A,578,-19.271,-0.158,59.933,1,19.06,C
ATOM,4579,CD2,TYR,A,578,-16.863,-0.308,59.928,1,18.91,C
ATOM,4580,CE1,TYR,A,578,-19.215,0.867,60.854,1,23.25,C
ATOM,4581,CE2,TYR,A,578,-16.803,0.737,60.89,1,21.16,C
ATOM,4582,CZ,TYR,A,578,-17.991,1.313,61.327,1,23.53,C
ATOM,4583,OH,TYR,A,578,-18.006,2.347,62.238,1,25.53,O
ATOM,4652,N,MET,A,586,-23.073,-13.503,64.056,1,17.36,N
ATOM,4653,CA,MET,A,586,-23.394,-14.914,63.945,1,22.12,C
ATOM,4654,C,MET,A,586,-22.825,-15.681,65.131,1,24.06,C
ATOM,4655,O,MET,A,586,-21.79,-16.301,65.027,1,22.57,O
ATOM,4656,CB,MET,A,586,-22.849,-15.448,62.628,1,25.07,C
ATOM,4657,CG,MET,A,586,-23.508,-14.747,61.423,1,28.42,C
ATOM,4658,SD,MET,A,586,-22.859,-15.28,59.844,1,45.17,S
ATOM,4659,CE,MET,A,586,-21.13,-14.832,60.121,1,30.36,C
ATOM,4724,N,CYS,A,596,-12.574,-17.103,67.48,1,22.62,N
ATOM,4725,CA,CYS,A,596,-13.691,-16.32,67.994,1,22.49,C
ATOM,4726,C,CYS,A,596,-13.974,-16.644,69.453,1,25.11,C
ATOM,4727,O,CYS,A,596,-14.188,-15.731,70.299,1,22.8,O
ATOM,4728,CB,CYS,A,596,-14.945,-16.573,67.167,1,23.49,C
ATOM,4729,SG,CYS,A,596,-14.826,-15.901,65.467,1,26.5,S
ATOM,4730,N,MET,A,597,-14.038,-17.938,69.748,1,24.05,N
ATOM,4731,CA,MET,A,597,-14.277,-18.362,71.125,1,21.46,C
ATOM,4732,C,MET,A,597,-13.179,-17.848,72.063,1,26.13,C
ATOM,4733,O,MET,A,597,-13.45,-17.326,73.161,1,23.03,O
ATOM,4734,CB,MET,A,597,-14.369,-19.9,71.231,1,22.76,C
ATOM,4735,CG,MET,A,597,-14.518,-20.377,72.717,1,23.19,C
ATOM,4736,SD,MET,A,597,-16.084,-19.873,73.462,1,24.52,S
ATOM,4737,CE,MET,A,597,-17.243,-20.98,72.621,1,21.39,C
ATOM,4759,N,MET,A,601,-14.843,-12.715,70.2,1,24.28,N
ATOM,4760,CA,MET,A,601,-15.149,-11.889,69.011,1,23.52,C
ATOM,4761,C,MET,A,601,-16.19,-12.494,68.087,1,24.52,C
ATOM,4762,O,MET,A,601,-16.321,-13.712,68.009,1,24.75,O
ATOM,4763,CB,MET,A,601,-13.89,-11.65,68.214,1,22.1,C
ATOM,4764,CG,MET,A,601,-12.935,-10.655,68.883,1,26.54,C
ATOM,4765,SD,MET,A,601,-11.41,-10.355,67.953,1,33.32,S
ATOM,4766,CE,MET,A,601,-11.956,-9.159,66.709,1,25.51,C
ATOM,4780,N,CYS,A,604,-17.665,-12.295,62.077,1,23.67,N
ATOM,4781,CA,CYS,A,604,-17.361,-11.34,60.999,1,25.82,C
ATOM,4782,C,CYS,A,604,-16.337,-10.297,61.376,1,27.01,C
ATOM,4783,O,CYS,A,604,-15.785,-9.639,60.501,1,26.09,O
ATOM,4784,CB,CYS,A,604,-18.622,-10.639,60.526,1,30.46,C
ATOM,4785,SG,CYS,A,604,-19.561,-11.757,59.457,1,41.57,S
ATOM,4842,N,TRP,A,613,-10.807,-11.696,47.212,1,19.59,N
ATOM,4843,CA,TRP,A,613,-10.901,-11.897,45.76,1,18.9,C
ATOM,4844,C,TRP,A,613,-12.158,-11.314,45.171,1,19.64,C
ATOM,4845,O,TRP,A,613,-13.126,-11.088,45.861,1,21.82,O
ATOM,4846,CB,TRP,A,613,-10.832,-13.385,45.389,1,17.96,C
ATOM,4847,CG,TRP,A,613,-12.131,-14.159,45.371,1,22.23,C
ATOM,4848,CD1,TRP,A,613,-13.013,-14.32,44.296,1,23.8,C
ATOM,4849,CD2,TRP,A,613,-12.636,-14.981,46.42,1,20.72,C
ATOM,4850,NE1,TRP,A,613,-14.049,-15.155,44.665,1,21.38,N
ATOM,4851,CE2,TRP,A,613,-13.853,-15.551,45.967,1,22.46,C
ATOM,4852,CE3,TRP,A,613,-12.212,-15.241,47.734,1,23.58,C
ATOM,4853,CZ2,TRP,A,613,-14.635,-16.38,46.776,1,22.73,C
ATOM,4854,CZ3,TRP,A,613,-12.993,-16.089,48.534,1,22.81,C
ATOM,4855,CH2,TRP,A,613,-14.188,-16.642,48.044,1,21.87,C
ATOM,5050,N,TYR,A,639,-10.785,-0.568,9.158,1,35.19,N
ATOM,5051,CA,TYR,A,639,-11.967,0.201,9.558,1,36.45,C
ATOM,5052,C,TYR,A,639,-11.62,1.31,10.55,1,36.76,C
ATOM,5053,O,TYR,A,639,-10.73,1.106,11.359,1,34.96,O
ATOM,5054,CB,TYR,A,639,-13.014,-0.72,10.178,1,36.52,C
ATOM,5055,CG,TYR,A,639,-13.353,-1.922,9.332,1,36.3,C
ATOM,5056,CD1,TYR,A,639,-14.32,-1.848,8.338,1,42.23,C
ATOM,5057,CD2,TYR,A,639,-12.715,-3.131,9.536,1,37.92,C
ATOM,5058,CE1,TYR,A,639,-14.628,-2.963,7.548,1,36.4,C
ATOM,5059,CE2,TYR,A,639,-13.017,-4.231,8.774,1,37.16,C
ATOM,5060,CZ,TYR,A,639,-13.97,-4.134,7.775,1,33.79,C
ATOM,5061,OH,TYR,A,639,-14.257,-5.237,7.025,1,35.98,O
ATOM,5153,N,TRP,A,652,-24.842,-4.696,13.807,1,31.98,N
ATOM,5154,CA,TRP,A,652,-24.154,-5.21,12.624,1,24.17,C
ATOM,5155,C,TRP,A,652,-25.061,-5.333,11.397,1,30.03,C
ATOM,5156,O,TRP,A,652,-24.64,-5.891,10.393,1,29.82,O
ATOM,5157,CB,TRP,A,652,-23.557,-6.584,12.872,1,28.73,C
ATOM,5158,CG,TRP,A,652,-22.552,-6.71,13.988,1,33.36,C
ATOM,5159,CD1,TRP,A,652,-22.763,-7.293,15.192,1,30.3,C
ATOM,5160,CD2,TRP,A,652,-21.171,-6.321,13.967,1,28.28,C
ATOM,5161,NE1,TRP,A,652,-21.602,-7.314,15.923,1,27.67,N
ATOM,5162,CE2,TRP,A,652,-20.611,-6.71,15.202,1,28.3,C
ATOM,5163,CE3,TRP,A,652,-20.356,-5.683,13.027,1,29.84,C
ATOM,5164,CZ2,TRP,A,652,-19.275,-6.471,15.531,1,27.72,C
ATOM,5165,CZ3,TRP,A,652,-19.028,-5.462,13.337,1,31.41,C
ATOM,5166,CH2,TRP,A,652,-18.496,-5.851,14.589,1,33.29,C
ATOM,5209,N,MET,A,658,-18.212,-6.642,7.753,1,36.95,N
ATOM,5210,CA,MET,A,658,-17.394,-6.135,8.856,1,34.28,C
ATOM,5211,C,MET,A,658,-17.489,-7.127,10.041,1,32.98,C
ATOM,5212,O,MET,A,658,-16.466,-7.576,10.558,1,32.71,O
ATOM,5213,CB,MET,A,658,-17.825,-4.725,9.279,1,36.66,C
ATOM,5214,CG,MET,A,658,-16.797,-4.018,10.178,1,33.2,C
ATOM,5215,SD,MET,A,658,-17.444,-2.515,10.89,1,43.78,S
ATOM,5216,CE,MET,A,658,-17.908,-1.659,9.374,1,40.87,C
ATOM,5295,N,TRP,A,668,-8.455,-16.041,21.478,1,24.13,N
ATOM,5296,CA,TRP,A,668,-7.932,-16.835,22.582,1,21.8,C
ATOM,5297,C,TRP,A,668,-8.156,-18.319,22.409,1,26.17,C
ATOM,5298,O,TRP,A,668,-9.226,-18.741,21.989,1,25.2,O
ATOM,5299,CB,TRP,A,668,-8.629,-16.424,23.905,1,18.57,C
ATOM,5300,CG,TRP,A,668,-8.066,-17.019,25.164,1,22.76,C
ATOM,5301,CD1,TRP,A,668,-8.726,-17.818,26.067,1,24.78,C
ATOM,5302,CD2,TRP,A,668,-6.745,-16.832,25.684,1,23.87,C
ATOM,5303,NE1,TRP,A,668,-7.894,-18.125,27.13,1,26.62,N
ATOM,5304,CE2,TRP,A,668,-6.676,-17.526,26.924,1,27.66,C
ATOM,5305,CE3,TRP,A,668,-5.619,-16.12,25.238,1,22.76,C
ATOM,5306,CZ2,TRP,A,668,-5.514,-17.54,27.723,1,26,C
ATOM,5307,CZ3,TRP,A,668,-4.472,-16.133,26.018,1,25.12,C
ATOM,5308,CH2,TRP,A,668,-4.426,-16.836,27.258,1,26.66,C
ATOM,5345,N,TYR,A,674,-0.39,-13.618,18.318,1,30.22,N
ATOM,5346,CA,TYR,A,674,-0.912,-12.269,18.219,1,33.57,C
ATOM,5347,C,TYR,A,674,-1.985,-12.047,19.293,1,31.19,C
ATOM,5348,O,TYR,A,674,-1.92,-11.077,20.065,1,30.17,O
ATOM,5349,CB,TYR,A,674,-1.482,-11.996,16.833,1,28.83,C
ATOM,5350,CG,TYR,A,674,-1.878,-10.561,16.649,1,34.81,C
ATOM,5351,CD1,TYR,A,674,-3.158,-10.124,16.968,1,29.98,C
ATOM,5352,CD2,TYR,A,674,-0.961,-9.623,16.171,1,33.01,C
ATOM,5353,CE1,TYR,A,674,-3.518,-8.806,16.805,1,30,C
ATOM,5354,CE2,TYR,A,674,-1.314,-8.321,15.999,1,35.27,C
ATOM,5355,CZ,TYR,A,674,-2.584,-7.912,16.31,1,36.41,C
ATOM,5356,OH,TYR,A,674,-2.915,-6.602,16.146,1,38.06,O
ATOM,5419,N,TYR,A,683,-4.872,-10.027,31.158,1,20.76,N
ATOM,5420,CA,TYR,A,683,-5.044,-10.727,32.425,1,23.29,C
ATOM,5421,C,TYR,A,683,-4.105,-10.244,33.523,1,25.26,C
ATOM,5422,O,TYR,A,683,-4.519,-10.032,34.64,1,22.8,O
ATOM,5423,CB,TYR,A,683,-4.804,-12.221,32.268,1,18.95,C
ATOM,5424,CG,TYR,A,683,-6.033,-12.982,31.839,1,21.45,C
ATOM,5425,CD1,TYR,A,683,-6.351,-13.103,30.479,1,24.3,C
ATOM,5426,CD2,TYR,A,683,-6.875,-13.573,32.785,1,25.38,C
ATOM,5427,CE1,TYR,A,683,-7.482,-13.788,30.07,1,25.01,C
ATOM,5428,CE2,TYR,A,683,-8.012,-14.265,32.396,1,24.07,C
ATOM,5429,CZ,TYR,A,683,-8.302,-14.378,31.018,1,23.58,C
ATOM,5430,OH,TYR,A,683,-9.432,-15.068,30.615,1,22.73,O
ATOM,5482,N,MET,A,691,-6.493,-4.961,40.14,1,23.93,N
ATOM,5483,CA,MET,A,691,-7.312,-5.375,41.287,1,22.54,C
ATOM,5484,C,MET,A,691,-6.443,-5.503,42.529,1,22.35,C
ATOM,5485,O,MET,A,691,-6.829,-5.12,43.623,1,22.7,O
ATOM,5486,CB,MET,A,691,-8.034,-6.701,40.973,1,23.4,C
ATOM,5487,CG,MET,A,691,-8.935,-7.197,42.12,1,23.23,C
ATOM,5488,SD,MET,A,691,-9.699,-8.821,41.786,1,21.86,S
ATOM,5489,CE,MET,A,691,-10.523,-8.543,40.247,1,21.05,C
ATOM,5533,N,TYR,A,697,-10.715,-5.434,53.997,1,20.26,N
ATOM,5534,CA,TYR,A,697,-10.88,-5.344,55.434,1,23.7,C
ATOM,5535,C,TYR,A,697,-9.809,-6.129,56.207,1,24.94,C
ATOM,5536,O,TYR,A,697,-9.341,-5.702,57.238,1,22.95,O
ATOM,5537,CB,TYR,A,697,-12.263,-5.879,55.804,1,23.28,C
ATOM,5538,CG,TYR,A,697,-12.49,-6.099,57.282,1,18.99,C
ATOM,5539,CD1,TYR,A,697,-12.949,-5.054,58.093,1,19.37,C
ATOM,5540,CD2,TYR,A,697,-12.308,-7.357,57.865,1,22.99,C
ATOM,5541,CE1,TYR,A,697,-13.191,-5.241,59.486,1,26.76,C
ATOM,5542,CE2,TYR,A,697,-12.541,-7.561,59.269,1,25.84,C
ATOM,5543,CZ,TYR,A,697,-12.979,-6.496,60.069,1,24.91,C
ATOM,5544,OH,TYR,A,697,-13.254,-6.656,61.442,1,22.42,O
ATOM,5573,N,MET,A,703,-7.341,-10.428,44.677,1,21.34,N
ATOM,5574,CA,MET,A,703,-6.918,-10.922,43.366,1,22.36,C
ATOM,5575,C,MET,A,703,-8.049,-11.636,42.636,1,20.34,C
ATOM,5576,O,MET,A,703,-9.053,-11.965,43.243,1,21.03,O
ATOM,5577,CB,MET,A,703,-5.691,-11.809,43.532,1,25.2,C
ATOM,5578,CG,MET,A,703,-4.404,-10.966,43.511,1,25.6,C
ATOM,5579,SD,MET,A,703,-2.955,-12.013,43.488,1,32.09,S
ATOM,5580,CE,MET,A,703,-2.87,-12.363,45.224,1,28.48,C
ATOM,5632,N,TYR,A,712,-22.494,-15.516,32.689,1,20.21,N
ATOM,5633,CA,TYR,A,712,-22.033,-15.323,31.316,1,21.56,C
ATOM,5634,C,TYR,A,712,-23.233,-15.284,30.376,1,24.22,C
ATOM,5635,O,TYR,A,712,-23.207,-14.646,29.328,1,22.06,O
ATOM,5636,CB,TYR,A,712,-21.027,-16.389,30.875,1,21.7,C
ATOM,5637,CG,TYR,A,712,-21.545,-17.757,30.495,1,22.08,C
ATOM,5638,CD1,TYR,A,712,-21.724,-18.74,31.455,1,24.54,C
ATOM,5639,CD2,TYR,A,712,-21.777,-18.095,29.16,1,24.98,C
ATOM,5640,CE1,TYR,A,712,-22.16,-20.033,31.11,1,22.62,C
ATOM,5641,CE2,TYR,A,712,-22.221,-19.371,28.81,1,25.04,C
ATOM,5642,CZ,TYR,A,712,-22.398,-20.335,29.803,1,24.57,C
ATOM,5643,OH,TYR,A,712,-22.84,-21.611,29.49,1,24.35,O
ATOM,5644,N,MET,A,713,-24.309,-15.917,30.802,1,24.45,N
ATOM,5645,CA,MET,A,713,-25.578,-15.834,30.084,1,23.63,C
ATOM,5646,C,MET,A,713,-26.334,-14.537,30.383,1,22.06,C
ATOM,5647,O,MET,A,713,-26.809,-13.854,29.472,1,22.71,O
ATOM,5648,CB,MET,A,713,-26.453,-17.043,30.477,1,20.48,C
ATOM,5649,CG,MET,A,713,-25.821,-18.434,30.111,1,24.36,C
ATOM,5650,SD,MET,A,713,-26.808,-19.691,30.999,1,29.51,S
ATOM,5651,CE,MET,A,713,-25.835,-21.198,30.781,1,25.16,C
ATOM,5827,N,TYR,A,740,-13.808,-18.57,23.804,1,20.74,N
ATOM,5828,CA,TYR,A,740,-15.207,-18.327,23.527,1,25.68,C
ATOM,5829,C,TYR,A,740,-15.743,-19.489,22.675,1,25.86,C
ATOM,5830,O,TYR,A,740,-15.054,-19.972,21.759,1,22.97,O
ATOM,5831,CB,TYR,A,740,-15.383,-16.999,22.814,1,19.36,C
ATOM,5832,CG,TYR,A,740,-16.828,-16.602,22.641,1,24.5,C
ATOM,5833,CD1,TYR,A,740,-17.572,-17.03,21.522,1,24.2,C
ATOM,5834,CD2,TYR,A,740,-17.462,-15.814,23.578,1,23.2,C
ATOM,5835,CE1,TYR,A,740,-18.906,-16.669,21.369,1,26.87,C
ATOM,5836,CE2,TYR,A,740,-18.812,-15.43,23.426,1,22.44,C
ATOM,5837,CZ,TYR,A,740,-19.524,-15.873,22.32,1,29.05,C
ATOM,5838,OH,TYR,A,740,-20.844,-15.503,22.165,1,27.14,O
ATOM,5839,N,MET,A,741,-16.963,-19.917,22.972,1,20.82,N
ATOM,5840,CA,MET,A,741,-17.536,-21.102,22.31,1,26.01,C
ATOM,5841,C,MET,A,741,-17.417,-21.041,20.787,1,23.83,C
ATOM,5842,O,MET,A,741,-17.74,-20.027,20.143,1,26.54,O
ATOM,5843,CB,MET,A,741,-19.005,-21.299,22.723,1,23.68,C
ATOM,5844,CG,MET,A,741,-19.965,-20.231,22.206,1,30.02,C
ATOM,5845,SD,MET,A,741,-21.516,-20.191,23.171,1,38.84,S
ATOM,5846,CE,MET,A,741,-22.412,-18.903,22.287,1,36.13,C
ATOM,6104,N,MET,A,776,-13.358,-40.898,25.708,1,28.9,N
ATOM,6105,CA,MET,A,776,-13.385,-40.957,27.187,1,28.58,C
ATOM,6106,C,MET,A,776,-14.013,-42.237,27.714,1,28.35,C
ATOM,6107,O,MET,A,776,-13.591,-42.772,28.754,1,28.01,O
ATOM,6108,CB,MET,A,776,-14.136,-39.761,27.783,1,27.52,C
ATOM,6109,CG,MET,A,776,-13.401,-38.444,27.615,1,28.84,C
ATOM,6110,SD,MET,A,776,-11.804,-38.493,28.493,1,41.57,S
ATOM,6111,CE,MET,A,776,-10.772,-38.349,27.038,1,28.51,C
ATOM,6180,N,TRP,A,785,-6.814,-39.295,29.802,1,25.48,N
ATOM,6181,CA,TRP,A,785,-7.22,-38.269,30.782,1,24.73,C
ATOM,6182,C,TRP,A,785,-6.146,-38.03,31.855,1,27.47,C
ATOM,6183,O,TRP,A,785,-5.845,-36.876,32.201,1,27.73,O
ATOM,6184,CB,TRP,A,785,-8.567,-38.638,31.425,1,24.58,C
ATOM,6185,CG,TRP,A,785,-9.017,-37.638,32.527,1,27.12,C
ATOM,6186,CD1,TRP,A,785,-9.687,-36.445,32.353,1,25.85,C
ATOM,6187,CD2,TRP,A,785,-8.824,-37.792,33.93,1,26.38,C
ATOM,6188,NE1,TRP,A,785,-9.898,-35.836,33.584,1,27.05,N
ATOM,6189,CE2,TRP,A,785,-9.381,-36.65,34.565,1,28.43,C
ATOM,6190,CE3,TRP,A,785,-8.236,-38.788,34.722,1,24.98,C
ATOM,6191,CZ2,TRP,A,785,-9.363,-36.489,35.952,1,27.76,C
ATOM,6192,CZ3,TRP,A,785,-8.21,-38.625,36.099,1,32.77,C
ATOM,6193,CH2,TRP,A,785,-8.777,-37.485,36.705,1,31.51,C
ATOM,6208,N,TYR,A,788,-3.477,-36.028,30.2,1,24.42,N
ATOM,6209,CA,TYR,A,788,-3.972,-34.663,30.099,1,27.59,C
ATOM,6210,C,TYR,A,788,-3.752,-33.933,31.444,1,27.09,C
ATOM,6211,O,TYR,A,788,-3.17,-32.836,31.489,1,24.27,O
ATOM,6212,CB,TYR,A,788,-5.452,-34.683,29.708,1,26.27,C
ATOM,6213,CG,TYR,A,788,-6.088,-33.313,29.505,1,26.96,C
ATOM,6214,CD1,TYR,A,788,-6.465,-32.532,30.593,1,30.27,C
ATOM,6215,CD2,TYR,A,788,-6.326,-32.822,28.234,1,27.18,C
ATOM,6216,CE1,TYR,A,788,-7.055,-31.288,30.417,1,27.98,C
ATOM,6217,CE2,TYR,A,788,-6.908,-31.574,28.046,1,31.09,C
ATOM,6218,CZ,TYR,A,788,-7.272,-30.823,29.159,1,24.47,C
ATOM,6219,OH,TYR,A,788,-7.846,-29.622,28.988,1,27.43,O
ATOM,6244,N,TRP,A,792,-1.416,-30.818,32.179,1,23.52,N
ATOM,6245,CA,TRP,A,792,-2.081,-29.61,32.68,1,25.09,C
ATOM,6246,C,TRP,A,792,-1.417,-29.12,33.985,1,25.79,C
ATOM,6247,O,TRP,A,792,-1.173,-27.928,34.163,1,26.27,O
ATOM,6248,CB,TRP,A,792,-3.58,-29.898,32.87,1,23.62,C
ATOM,6249,CG,TRP,A,792,-4.353,-28.994,33.865,1,25.31,C
ATOM,6250,CD1,TRP,A,792,-5.127,-27.902,33.576,1,24.21,C
ATOM,6251,CD2,TRP,A,792,-4.463,-29.204,35.268,1,24.12,C
ATOM,6252,NE1,TRP,A,792,-5.694,-27.4,34.741,1,24.83,N
ATOM,6253,CE2,TRP,A,792,-5.295,-28.187,35.79,1,24.27,C
ATOM,6254,CE3,TRP,A,792,-3.927,-30.153,36.148,1,25.74,C
ATOM,6255,CZ2,TRP,A,792,-5.588,-28.089,37.163,1,25.14,C
ATOM,6256,CZ3,TRP,A,792,-4.228,-30.047,37.526,1,26.22,C
ATOM,6257,CH2,TRP,A,792,-5.053,-29.031,38.007,1,22.38,C
ATOM,6397,N,MET,A,810,-28.061,-33.993,23.86,1,23.32,N
ATOM,6398,CA,MET,A,810,-28.598,-32.703,24.315,1,22.12,C
ATOM,6399,C,MET,A,810,-29.745,-32.215,23.445,1,24.01,C
ATOM,6400,O,MET,A,810,-30.75,-31.748,23.961,1,23.76,O
ATOM,6401,CB,MET,A,810,-27.483,-31.663,24.383,1,22.64,C
ATOM,6402,CG,MET,A,810,-26.581,-31.911,25.616,1,23.34,C
ATOM,6403,SD,MET,A,810,-25.31,-30.65,25.888,1,25.22,S
ATOM,6404,CE,MET,A,810,-24.095,-30.997,24.633,1,24.28,C
ATOM,6559,N,TYR,A,830,-20.298,-25.431,38.385,1,20.99,N
ATOM,6560,CA,TYR,A,830,-21.344,-26.255,39.006,1,22.5,C
ATOM,6561,C,TYR,A,830,-22.012,-27.087,37.903,1,21.05,C
ATOM,6562,O,TYR,A,830,-21.917,-26.756,36.713,1,20.77,O
ATOM,6563,CB,TYR,A,830,-22.398,-25.392,39.747,1,17.96,C
ATOM,6564,CG,TYR,A,830,-23.389,-24.739,38.807,1,22.5,C
ATOM,6565,CD1,TYR,A,830,-23.041,-23.602,38.056,1,19.23,C
ATOM,6566,CD2,TYR,A,830,-24.669,-25.263,38.638,1,22.72,C
ATOM,6567,CE1,TYR,A,830,-23.944,-23.017,37.176,1,19.96,C
ATOM,6568,CE2,TYR,A,830,-25.582,-24.675,37.74,1,19.12,C
ATOM,6569,CZ,TYR,A,830,-25.223,-23.566,37.029,1,21.33,C
ATOM,6570,OH,TYR,A,830,-26.143,-23.018,36.138,1,23.02,O
ATOM,6641,N,TYR,A,840,-31.854,-20.974,25.929,1,23.97,N
ATOM,6642,CA,TYR,A,840,-30.735,-20.066,25.652,1,27.26,C
ATOM,6643,C,TYR,A,840,-29.445,-20.616,26.25,1,22.52,C
ATOM,6644,O,TYR,A,840,-28.434,-20.738,25.551,1,24.99,O
ATOM,6645,CB,TYR,A,840,-31.061,-18.683,26.202,1,25.6,C
ATOM,6646,CG,TYR,A,840,-30.024,-17.612,26.049,1,23.85,C
ATOM,6647,CD1,TYR,A,840,-28.976,-17.503,26.96,1,25.76,C
ATOM,6648,CD2,TYR,A,840,-30.13,-16.643,25.055,1,25.39,C
ATOM,6649,CE1,TYR,A,840,-28.021,-16.465,26.866,1,25.98,C
ATOM,6650,CE2,TYR,A,840,-29.179,-15.605,24.938,1,26.01,C
ATOM,6651,CZ,TYR,A,840,-28.127,-15.521,25.867,1,26.06,C
ATOM,6652,OH,TYR,A,840,-27.167,-14.503,25.798,1,23.66,O
ATOM,6991,N,TRP,B,31,-43.12,-10.574,27.666,1,27.69,N
ATOM,6992,CA,TRP,B,31,-41.729,-10.339,27.312,1,28.81,C
ATOM,6993,C,TRP,B,31,-40.914,-9.785,28.479,1,28.86,C
ATOM,6994,O,TRP,B,31,-39.679,-9.85,28.437,1,28.19,O
ATOM,6995,CB,TRP,B,31,-41.636,-9.384,26.127,1,24.97,C
ATOM,6996,CG,TRP,B,31,-42.25,-9.959,24.888,1,32.88,C
ATOM,6997,CD1,TRP,B,31,-43.317,-9.465,24.182,1,30.5,C
ATOM,6998,CD2,TRP,B,31,-41.834,-11.158,24.207,1,33,C
ATOM,6999,NE1,TRP,B,31,-43.589,-10.296,23.106,1,30.33,N
ATOM,7000,CE2,TRP,B,31,-42.688,-11.329,23.096,1,29.26,C
ATOM,7001,CE3,TRP,B,31,-40.814,-12.092,24.426,1,29.6,C
ATOM,7002,CZ2,TRP,B,31,-42.563,-12.4,22.223,1,32.85,C
ATOM,7003,CZ3,TRP,B,31,-40.686,-13.153,23.558,1,32.42,C
ATOM,7004,CH2,TRP,B,31,-41.549,-13.291,22.453,1,36.85,C
ATOM,7151,N,MET,B,51,-30.115,-15.19,15.428,1,33.83,N
ATOM,7152,CA,MET,B,51,-28.975,-16.024,15.768,1,30.27,C
ATOM,7153,C,MET,B,51,-29.006,-16.393,17.247,1,33.42,C
ATOM,7154,O,MET,B,51,-28.054,-16.962,17.753,1,37.27,O
ATOM,7155,CB,MET,B,51,-27.657,-15.333,15.413,1,35.89,C
ATOM,7156,CG,MET,B,51,-27.496,-14.993,13.921,1,41.74,C
ATOM,7157,SD,MET,B,51,-27.645,-16.448,12.868,1,54.61,S
ATOM,7158,CE,MET,B,51,-26.26,-17.431,13.428,1,48.25,C
ATOM,7174,N,TRP,B,55,-31.681,-9.71,23.297,1,27.16,N
ATOM,7175,CA,TRP,B,55,-31.076,-8.401,23.466,1,26.46,C
ATOM,7176,C,TRP,B,55,-31.969,-7.536,24.348,1,28.66,C
ATOM,7177,O,TRP,B,55,-32.834,-6.804,23.853,1,25.54,O
ATOM,7178,CB,TRP,B,55,-30.835,-7.753,22.096,1,27.07,C
ATOM,7179,CG,TRP,B,55,-29.898,-6.601,22.171,1,30.58,C
ATOM,7180,CD1,TRP,B,55,-29.123,-6.234,23.248,1,28.94,C
ATOM,7181,CD2,TRP,B,55,-29.652,-5.637,21.147,1,31.11,C
ATOM,7182,NE1,TRP,B,55,-28.401,-5.1,22.933,1,30.39,N
ATOM,7183,CE2,TRP,B,55,-28.706,-4.72,21.65,1,29.85,C
ATOM,7184,CE3,TRP,B,55,-30.126,-5.471,19.844,1,28.75,C
ATOM,7185,CZ2,TRP,B,55,-28.244,-3.635,20.896,1,27.14,C
ATOM,7186,CZ3,TRP,B,55,-29.657,-4.41,19.102,1,32.84,C
ATOM,7187,CH2,TRP,B,55,-28.731,-3.5,19.632,1,31.44,C
ATOM,7208,N,TRP,B,58,-33.47,-2.399,29.566,1,24.52,N
ATOM,7209,CA,TRP,B,58,-33.793,-2.151,30.971,1,25.77,C
ATOM,7210,C,TRP,B,58,-35.036,-1.262,31.121,1,29.54,C
ATOM,7211,O,TRP,B,58,-35.175,-0.262,30.414,1,29.25,O
ATOM,7212,CB,TRP,B,58,-32.584,-1.514,31.689,1,22.4,C
ATOM,7213,CG,TRP,B,58,-32.765,-1.368,33.17,1,28.1,C
ATOM,7214,CD1,TRP,B,58,-32.938,-2.387,34.097,1,27.32,C
ATOM,7215,CD2,TRP,B,58,-32.801,-0.148,33.918,1,27.58,C
ATOM,7216,NE1,TRP,B,58,-33.06,-1.867,35.346,1,25.64,N
ATOM,7217,CE2,TRP,B,58,-32.977,-0.499,35.276,1,29.83,C
ATOM,7218,CE3,TRP,B,58,-32.654,1.203,33.582,1,24.37,C
ATOM,7219,CZ2,TRP,B,58,-33.03,0.458,36.296,1,30.8,C
ATOM,7220,CZ3,TRP,B,58,-32.725,2.145,34.57,1,29.57,C
ATOM,7221,CH2,TRP,B,58,-32.9,1.773,35.929,1,30.28,C
