HETATM,2411,FE,HEM,A,296,28.053,91.742,52.081,1,7.67,FE
HETATM,2412,CHA,HEM,A,296,27.671,93.998,49.498,1,9.16,C
HETATM,2413,CHB,HEM,A,296,30.408,93.86,53.509,1,9.23,C
HETATM,2414,CHC,HEM,A,296,28.221,89.723,54.818,1,7.97,C
HETATM,2415,CHD,HEM,A,296,25.305,90.019,50.988,1,7.56,C
HETATM,2416,NA,HEM,A,296,28.823,93.604,51.644,1,8.71,N
HETATM,2417,C1A,HEM,A,296,28.568,94.347,50.49,1,8.35,C
HETATM,2418,C2A,HEM,A,296,29.41,95.494,50.468,1,8.52,C
HETATM,2419,C3A,HEM,A,296,30.187,95.463,51.606,1,9.11,C
HETATM,2420,C4A,HEM,A,296,29.819,94.278,52.312,1,8.94,C
HETATM,2421,CMA,HEM,A,296,31.233,96.453,52.019,1,10.18,C
HETATM,2422,CAA,HEM,A,296,29.38,96.525,49.35,1,9.71,C
HETATM,2423,CBA,HEM,A,296,28.195,97.478,49.514,1,10.01,C
HETATM,2424,CGA,HEM,A,296,28.292,98.477,48.399,1,10.04,C
HETATM,2425,O1A,HEM,A,296,29.332,99.137,48.182,1,11.19,O
HETATM,2426,O2A,HEM,A,296,27.263,98.65,47.669,1,11.44,O
HETATM,2427,NB,HEM,A,296,29.121,91.802,53.832,1,8.58,N
HETATM,2428,C1B,HEM,A,296,30.121,92.681,54.216,1,9.18,C
HETATM,2429,C2B,HEM,A,296,30.788,92.221,55.393,1,8.91,C
HETATM,2430,C3B,HEM,A,296,30.2,91.05,55.737,1,8.39,C
HETATM,2431,C4B,HEM,A,296,29.118,90.777,54.784,1,7.99,C
HETATM,2432,CMB,HEM,A,296,31.891,93,56.065,1,10.78,C
HETATM,2433,CAB,HEM,A,296,30.487,90.154,56.839,1,11.52,C
HETATM,2434,CBB,HEM,A,296,31.77,90.078,57.494,1,13.8,C
HETATM,2435,NC,HEM,A,296,26.949,90.244,52.814,1,8.45,N
HETATM,2436,C1C,HEM,A,296,27.167,89.48,53.946,1,7.55,C
HETATM,2437,C2C,HEM,A,296,26.161,88.472,54.131,1,7.61,C
HETATM,2438,C3C,HEM,A,296,25.324,88.579,53.041,1,7.7,C
HETATM,2439,C4C,HEM,A,296,25.825,89.647,52.229,1,7.43,C
HETATM,2440,CMC,HEM,A,296,26.1,87.592,55.334,1,10.24,C
HETATM,2441,CAC,HEM,A,296,24.067,87.861,52.781,1,8.76,C
HETATM,2442,CBC,HEM,A,296,23.857,86.547,53.094,1,9.84,C
HETATM,2443,ND,HEM,A,296,26.685,92.027,50.593,1,8.4,N
HETATM,2444,C1D,HEM,A,296,25.761,91.052,50.17,1,7.62,C
HETATM,2445,C2D,HEM,A,296,25.34,91.31,48.81,1,7.68,C
HETATM,2446,C3D,HEM,A,296,26.007,92.425,48.395,1,8.08,C
HETATM,2447,C4D,HEM,A,296,26.825,92.863,49.486,1,8.82,C
HETATM,2448,CMD,HEM,A,296,24.39,90.429,48.049,1,9.04,C
HETATM,2449,CAD,HEM,A,296,25.939,93.082,47.032,1,9.22,C
HETATM,2450,CBD,HEM,A,296,24.994,94.294,47.036,1,9.68,C
HETATM,2451,CGD,HEM,A,296,24.928,95.008,45.701,1,9.58,C
HETATM,2452,O1D,HEM,A,296,24.245,96.083,45.679,1,10.94,O
HETATM,2453,O2D,HEM,A,296,25.471,94.562,44.669,1,9.24,O
