HETATM,7340,FE,HEM,A,999,48.246,26.506,35.634,1,10.75,FE
HETATM,7341,CHA,HEM,A,999,47.185,24.137,33.388,1,10.86,C
HETATM,7342,CHB,HEM,A,999,47.822,24.257,38.168,1,10.18,C
HETATM,7343,CHC,HEM,A,999,49.101,28.885,37.893,1,10.89,C
HETATM,7344,CHD,HEM,A,999,48.219,28.883,33.148,1,12.01,C
HETATM,7345,NA,HEM,A,999,47.586,24.539,35.758,1,10.76,N
HETATM,7346,C1A,HEM,A,999,47.234,23.73,34.703,1,10.37,C
HETATM,7347,C2A,HEM,A,999,46.981,22.412,35.231,1,10.41,C
HETATM,7348,C3A,HEM,A,999,47.149,22.448,36.543,1,10.39,C
HETATM,7349,C4A,HEM,A,999,47.521,23.779,36.899,1,10.75,C
HETATM,7350,CMA,HEM,A,999,46.955,21.304,37.552,1,11.5,C
HETATM,7351,CAA,HEM,A,999,46.56,21.201,34.376,1,11.21,C
HETATM,7352,CBA,HEM,A,999,45.044,21.139,34.208,1,11.76,C
HETATM,7353,CGA,HEM,A,999,44.469,19.902,33.552,1,11.65,C
HETATM,7354,O1A,HEM,A,999,45.182,18.893,33.372,1,11.84,O
HETATM,7355,O2A,HEM,A,999,43.255,19.963,33.198,1,12.73,O
HETATM,7356,NB,HEM,A,999,48.316,26.598,37.669,1,10.59,N
HETATM,7357,C1B,HEM,A,999,48.232,25.536,38.545,1,10.89,C
HETATM,7358,C2B,HEM,A,999,48.617,25.972,39.861,1,10.26,C
HETATM,7359,C3B,HEM,A,999,48.989,27.237,39.764,1,10.03,C
HETATM,7360,C4B,HEM,A,999,48.82,27.645,38.399,1,10.51,C
HETATM,7361,CMB,HEM,A,999,48.576,25.062,41.043,1,11.61,C
HETATM,7362,CAB,HEM,A,999,49.491,28.17,40.843,1,11.53,C
HETATM,7363,CBB,HEM,A,999,50.092,27.777,41.959,1,14.62,C
HETATM,7364,NC,HEM,A,999,48.567,28.543,35.539,1,10.62,N
HETATM,7365,C1C,HEM,A,999,49.058,29.324,36.571,1,10.53,C
HETATM,7366,C2C,HEM,A,999,49.358,30.638,36.055,1,11.04,C
HETATM,7367,C3C,HEM,A,999,49.105,30.643,34.747,1,11.55,C
HETATM,7368,C4C,HEM,A,999,48.614,29.337,34.413,1,11.26,C
HETATM,7369,CMC,HEM,A,999,49.903,31.771,36.887,1,11.87,C
HETATM,7370,CAC,HEM,A,999,49.257,31.748,33.73,1,12.85,C
HETATM,7371,CBC,HEM,A,999,50.084,32.773,33.862,1,17.74,C
HETATM,7372,ND,HEM,A,999,47.754,26.506,33.623,1,11.46,N
HETATM,7373,C1D,HEM,A,999,47.859,27.605,32.789,1,11.46,C
HETATM,7374,C2D,HEM,A,999,47.575,27.179,31.453,1,11.66,C
HETATM,7375,C3D,HEM,A,999,47.286,25.775,31.509,1,11.38,C
HETATM,7376,C4D,HEM,A,999,47.389,25.406,32.874,1,10.95,C
HETATM,7377,CMD,HEM,A,999,47.515,28.034,30.211,1,12.58,C
HETATM,7378,CAD,HEM,A,999,46.99,24.876,30.333,1,11.53,C
HETATM,7379,CBD,HEM,A,999,48.279,24.319,29.717,1,11.65,C
HETATM,7380,CGD,HEM,A,999,48.032,23.413,28.535,1,12.4,C
HETATM,7381,O1D,HEM,A,999,48.649,23.613,27.458,1,13.38,O
HETATM,7382,O2D,HEM,A,999,47.175,22.5,28.671,1,13.24,O
